iness	-10.37259	VB:iness,VBD:inessed,VBG:inessing,VBN:inessed,VBZ:ines,JJ:inessy,NN:iness,NNS:ines
ingly	-10.75749	VB:ingly,VBD:inglyed,VBG:inglying,VBN:inglyed,VBZ:inglys,JJ:ingly,NN:ingly,NNS:inglys
ovent	-10.85255	VB:ovent,VBD:ovent,VBG:ovent,VBN:ovent,VBZ:ovent,JJ:oventy,NN:ovent,NNS:ovent
proma	-10.93956	VB:proma,VBD:promad,VBG:promating,VBN:promated,VBZ:promates,JJ:promatic,NN:promat,NNS:promates
undom	-11.32246	VB:undom,VBD:undomd,VBG:undoming,VBN:undomd,VBZ:undoms,JJ:undom,NN:undom,NNS:undoms
tione	-11.72631	VB:tione,VBD:tiones,VBG:tione,VBN:tione,VBZ:tione,JJ:tione,NN:tionee,NNS:tione
enesh	-12.08873	VB:enesh,VBD:eneshed,VBG:eneshing,VBN:eneshed,VBZ:eneshes,JJ:enesh,NN:enesh,NNS:eneshes
ander	-12.15675	VB:ander,VBD:andered,VBG:ander,VBN:ander,VBZ:anderes,JJ:ander,NN:ander,NNS:anderes
entic	-12.17290	VB:entic,VBD:enticked,VBG:enticking,VBN:enticked,VBZ:enticks,JJ:enticed,NN:enticed,NNS:enticed
decte	-12.24260	VB:decte,VBD:decte,VBG:decteing,VBN:decte,VBZ:decte,JJ:dected,NN:decte,NNS:decte
unher	-12.30805	VB:unher,VBD:unhered,VBG:unher,VBN:unher,VBZ:unheres,JJ:unher,NN:unher,NNS:unheres
unbum	-12.66873	VB:unbum,VBD:unbumd,VBG:unbuming,VBN:unbumd,VBZ:unbums,JJ:unbum,NN:unbum,NNS:unbums
pecte	-12.71438	VB:pecte,VBD:pecte,VBG:pecteing,VBN:pecte,VBZ:pecte,JJ:pected,NN:pecte,NNS:pecte
unress	-12.84823	VB:unress,VBD:unressed,VBG:unressing,VBN:unressed,VBZ:unres,JJ:unressy,NN:unress,NNS:unres
antry	-12.88793	VB:antry,VBD:antry,VBG:antry,VBN:antry,VBZ:antry,JJ:antry,NN:antry,NNS:antry
salla	-12.89077	VB:salla,VBD:salla,VBG:sallag,VBN:sallag,VBZ:sallag,JJ:sallag,NN:sallag,NNS:sallag
pation	-12.93986	VB:pation,VBD:pated,VBG:pating,VBN:pated,VBZ:pates,JJ:patory,NN:pation,NNS:pationed
neste	-12.99634	VB:neste,VBD:neste,VBG:nesting,VBN:neste,VBZ:nests,JJ:nesty,NN:nest,NNS:nests
chism	-13.17589	VB:chism,VBD:chismd,VBG:chisming,VBN:chismd,VBZ:chisms,JJ:chism,NN:chism,NNS:chisms
herop	-13.19106	VB:herop,VBD:heroped,VBG:heroping,VBN:heroped,VBZ:heropes,JJ:heropal,NN:herop,NNS:herops
mones	-13.24847	VB:mones,VBD:moned,VBG:moning,VBN:moned,VBZ:moneses,JJ:mony,NN:mon,NNS:mons
ectis	-13.28577	VB:ectis,VBD:ectis,VBG:ectis,VBN:ectis,VBZ:ectis,JJ:ectish,NN:ectish,NNS:ectish
menon	-13.29566	VB:menon,VBD:menoned,VBG:menoning,VBN:menoned,VBZ:menoned,JJ:menoned,NN:menon,NNS:menoned
eptic	-13.31625	VB:eptic,VBD:epticked,VBG:epticking,VBN:epticked,VBZ:epticks,JJ:epticed,NN:epticed,NNS:epticed
plent	-13.37468	VB:plent,VBD:plent,VBG:plent,VBN:plent,VBZ:plent,JJ:plenty,NN:plent,NNS:plent
polly	-13.55341	VB:polly,VBD:pollyed,VBG:pollying,VBN:pollyed,VBZ:pollys,JJ:polly,NN:polly,NNS:pollys
mitid	-13.61104	VB:mitid,VBD:mitided,VBG:mitid,VBN:mitided,VBZ:mitides,JJ:mitid,NN:mitid,NNS:mitides
acent	-13.62290	VB:acent,VBD:acent,VBG:acent,VBN:acent,VBZ:acent,JJ:acenty,NN:acent,NNS:acent
antion	-13.65475	VB:antion,VBD:antioned,VBG:anting,VBN:antioned,VBZ:antioned,JJ:antic,NN:antion,NNS:antioned
artic	-13.74803	VB:artic,VBD:articked,VBG:articking,VBN:articked,VBZ:articks,JJ:articed,NN:articed,NNS:articed
alind	-13.76054	VB:alind,VBD:alind,VBG:alind,VBN:alind,VBZ:alind,JJ:alind,NN:alind,NNS:alind
caling	-13.80709	VB:caling,VBD:calinged,VBG:calinging,VBN:calinged,VBZ:calings,JJ:caling,NN:caling,NNS:calings
redle	-13.82880	VB:redle,VBD:redles,VBG:redling,VBN:redle,VBZ:redle,JJ:redle,NN:redle,NNS:redle
colur	-14.05105	VB:colur,VBD:colured,VBG:coluring,VBN:colured,VBZ:colures,JJ:colur,NN:colur,NNS:colurs
ophal	-14.09254	VB:ophal,VBD:ophal,VBG:ophal,VBN:ophal,VBZ:ophaled,JJ:ophal,NN:ophal,NNS:ophal
chost	-14.15784	VB:chost,VBD:chosted,VBG:chosting,VBN:chosted,VBZ:chost,JJ:chostic,NN:chost,NNS:chosts
nally	-14.17800	VB:nally,VBD:nallyed,VBG:nallying,VBN:nallyed,VBZ:nallys,JJ:nally,NN:nally,NNS:nallys
pelly	-14.19764	VB:pelly,VBD:pellyed,VBG:pellying,VBN:pellyed,VBZ:pellys,JJ:pelly,NN:pelly,NNS:pellys
dispe	-14.19941	VB:dispe,VBD:disped,VBG:disping,VBN:disped,VBZ:dispes,JJ:dispy,NN:dispe,NNS:dispes
nocal	-14.20373	VB:nocal,VBD:nocal,VBG:nocal,VBN:nocal,VBZ:nocaled,JJ:nocal,NN:nocal,NNS:nocal
mingly	-14.23375	VB:mingly,VBD:minglyed,VBG:minglying,VBN:minglyed,VBZ:minglys,JJ:mingly,NN:mingly,NNS:minglys
bical	-14.26813	VB:bical,VBD:bical,VBG:bical,VBN:bical,VBZ:bicaled,JJ:bical,NN:bical,NNS:bical
andry	-14.33199	VB:andry,VBD:andried,VBG:andring,VBN:andried,VBZ:andried,JJ:andried,NN:andried,NNS:andried
racte	-14.42145	VB:racte,VBD:racte,VBG:racteing,VBN:racte,VBZ:racte,JJ:racted,NN:racte,NNS:racte
depin	-14.43657	VB:depin,VBD:depined,VBG:depining,VBN:depined,VBZ:depins,JJ:depiny,NN:depin,NNS:depins
terty	-14.43671	VB:terty,VBD:terty,VBG:terty,VBN:terty,VBZ:terty,JJ:terty,NN:terty,NNS:terty
unpaly	-14.43680	VB:unpaly,VBD:unpalyed,VBG:unpalying,VBN:unpalyed,VBZ:unpalys,JJ:unpaly,NN:unpaly,NNS:unpalys
crogy	-14.43848	VB:crogy,VBD:crogied,VBG:crogying,VBN:crogied,VBZ:crogies,JJ:crogy,NN:crogy,NNS:crogies
nopol	-14.45004	VB:nopol,VBD:nopoled,VBG:nopoling,VBN:nopoled,VBZ:nopols,JJ:nopol,NN:nopol,NNS:nopols
tomic	-14.53082	VB:tomic,VBD:tomicked,VBG:tomicking,VBN:tomicked,VBZ:tomicks,JJ:tomiced,NN:tomiced,NNS:tomiced
acrat	-14.55448	VB:acrat,VBD:acrat,VBG:acrating,VBN:acrated,VBZ:acrats,JJ:acraty,NN:acrat,NNS:acrats
nobic	-14.58494	VB:nobic,VBD:nobicked,VBG:nobicking,VBN:nobicked,VBZ:nobicks,JJ:nobiced,NN:nobiced,NNS:nobiced
biline	-14.59846	VB:biline,VBD:bilines,VBG:biling,VBN:biline,VBZ:biline,JJ:biliny,NN:bilinee,NNS:biline
mogic	-14.60113	VB:mogic,VBD:mogicked,VBG:mogicking,VBN:mogicked,VBZ:mogicks,JJ:mogiced,NN:mogiced,NNS:mogiced
dinde	-14.60186	VB:dinde,VBD:dinded,VBG:dinding,VBN:dinded,VBZ:dinde,JJ:dind,NN:dind,NNS:dinds
dibly	-14.60197	VB:dibly,VBD:diblyed,VBG:diblying,VBN:diblyed,VBZ:diblys,JJ:dibly,NN:dibly,NNS:diblys
inable	-14.63874	VB:inable,VBD:inables,VBG:inabling,VBN:inable,VBZ:inable,JJ:inably,NN:inable,NNS:inable
stily	-14.64115	VB:stily,VBD:stilyed,VBG:stilying,VBN:stilyed,VBZ:stilys,JJ:stily,NN:stily,NNS:stilys
ostic	-14.66515	VB:ostic,VBD:osticked,VBG:osticking,VBN:osticked,VBZ:osticks,JJ:osticed,NN:osticed,NNS:osticed
berte	-14.67038	VB:berte,VBD:berte,VBG:berteing,VBN:berte,VBZ:berte,JJ:berted,NN:berte,NNS:berte
azint	-14.68459	VB:azint,VBD:azint,VBG:azint,VBN:azint,VBZ:azint,JJ:azinty,NN:azint,NNS:azint
supler	-14.69880	VB:supler,VBD:suplered,VBG:supler,VBN:supler,VBZ:supleres,JJ:supler,NN:supler,NNS:supleres
ishic	-14.70912	VB:ishic,VBD:ishicked,VBG:ishing,VBN:ishicked,VBZ:ishicks,JJ:ishiced,NN:ishiced,NNS:ishiced
genter	-14.71484	VB:genter,VBD:gented,VBG:genter,VBN:gented,VBZ:gentes,JJ:genter,NN:genter,NNS:genteres
sulne	-14.75350	VB:sulne,VBD:sulnes,VBG:sulne,VBN:sulne,VBZ:sulne,JJ:sulne,NN:sulnee,NNS:sulne
atorn	-14.80178	VB:atorn,VBD:atorned,VBG:atorning,VBN:atorned,VBZ:atorns,JJ:atorny,NN:atorny,NNS:atornys
diass	-14.81291	VB:diass,VBD:diassed,VBG:diassing,VBN:diassed,VBZ:diasses,JJ:diassy,NN:diass,NNS:diasses
telly	-14.84052	VB:telly,VBD:tellyed,VBG:tellying,VBN:tellyed,VBZ:tellys,JJ:telly,NN:telly,NNS:tellys
benter	-14.86650	VB:benter,VBD:bented,VBG:benter,VBN:bented,VBZ:bentes,JJ:benter,NN:benter,NNS:benteres
inoly	-14.90892	VB:inoly,VBD:inolyed,VBG:inolying,VBN:inolyed,VBZ:inolys,JJ:inoly,NN:inoly,NNS:inolys
geous	-14.91118	VB:geous,VBD:geous,VBG:geous,VBN:geous,VBZ:geous,JJ:geoust,NN:geoust,NNS:geouses
strian	-14.92590	VB:strian,VBD:strian,VBG:strianing,VBN:strianed,VBZ:strians,JJ:strian,NN:strian,NNS:strians
lamid	-14.96386	VB:lamid,VBD:lamided,VBG:laming,VBN:lamided,VBZ:lamides,JJ:lamid,NN:lamid,NNS:lamides
inging	-15.00848	VB:inging,VBD:inginged,VBG:inginging,VBN:inginged,VBZ:ingings,JJ:inging,NN:inging,NNS:ingings
uncyar	-15.04589	VB:uncyar,VBD:uncyart,VBG:uncyar,VBN:uncyart,VBZ:uncyar,JJ:uncyary,NN:uncyart,NNS:uncyarts
heing	-15.08345	VB:heing,VBD:heinged,VBG:heinging,VBN:heinged,VBZ:heings,JJ:heing,NN:heing,NNS:heings
berla	-15.14986	VB:berla,VBD:berla,VBG:berlag,VBN:berlag,VBZ:berlag,JJ:berlag,NN:berlag,NNS:berlag
amele	-15.19082	VB:amele,VBD:ameles,VBG:ameling,VBN:amele,VBZ:amele,JJ:amely,NN:amele,NNS:amele
tedne	-15.22226	VB:tedne,VBD:tednes,VBG:tedne,VBN:tedne,VBZ:tedne,JJ:tedne,NN:tednee,NNS:tedne
rader	-15.26607	VB:rader,VBD:radered,VBG:rader,VBN:rader,VBZ:raderes,JJ:rader,NN:rader,NNS:raderes
iling	-15.29663	VB:iling,VBD:iled,VBG:ilinging,VBN:iled,VBZ:ils,JJ:iling,NN:il,NNS:ils
ungery	-15.36899	VB:ungery,VBD:ungered,VBG:ungering,VBN:ungered,VBZ:ungers,JJ:ungery,NN:unger,NNS:ungers
dynan	-15.45487	VB:dynan,VBD:dynan,VBG:dynaning,VBN:dynaned,VBZ:dynans,JJ:dynan,NN:dynan,NNS:dynans
emily	-15.46161	VB:emily,VBD:emilyed,VBG:emilying,VBN:emilyed,VBZ:emilys,JJ:emily,NN:emily,NNS:emilys
nestic	-15.49063	VB:nestic,VBD:nesticked,VBG:nesticking,VBN:nesticked,VBZ:nesticks,JJ:nesticed,NN:nesticed,NNS:nesticed
tivic	-15.50025	VB:tivic,VBD:tivicked,VBG:tivicking,VBN:tivicked,VBZ:tivicks,JJ:tiviced,NN:tiviced,NNS:tiviced
uncion	-15.51244	VB:uncion,VBD:uncioned,VBG:uncioning,VBN:uncioned,VBZ:uncioned,JJ:uncioned,NN:uncion,NNS:uncioned
elike	-15.58974	VB:elike,VBD:elike,VBG:elike,VBN:elike,VBZ:elike,JJ:elike,NN:elike,NNS:elike
unbang	-15.60805	VB:unbang,VBD:unbanged,VBG:unbanging,VBN:unbanged,VBZ:unbangs,JJ:unbang,NN:unbang,NNS:unbangs
icate	-15.66049	VB:icate,VBD:icat,VBG:icat,VBN:icat,VBZ:icat,JJ:icat,NN:icat,NNS:icat
herine	-15.71135	VB:herine,VBD:herines,VBG:hering,VBN:herine,VBZ:herine,JJ:heriny,NN:herinee,NNS:herine
munal	-15.75365	VB:munal,VBD:munal,VBG:munal,VBN:munal,VBZ:munaled,JJ:munal,NN:munal,NNS:munal
logly	-15.75394	VB:logly,VBD:loglyed,VBG:loglying,VBN:loglyed,VBZ:loglys,JJ:logly,NN:logly,NNS:loglys
remony	-15.82560	VB:remony,VBD:remoned,VBG:remoning,VBN:remoned,VBZ:remons,JJ:remony,NN:remony,NNS:remony
aratic	-15.85480	VB:aratic,VBD:araticked,VBG:araticking,VBN:araticked,VBZ:araticks,JJ:araticed,NN:araticed,NNS:araticed
irdia	-15.86024	VB:irdia,VBD:irdiaed,VBG:irdiaing,VBN:irdiaed,VBZ:irdiaes,JJ:irdian,NN:irdia,NNS:irdias
alness	-15.89381	VB:alness,VBD:alnessed,VBG:alnessing,VBN:alnessed,VBZ:alnes,JJ:alnessy,NN:alness,NNS:alnes
monder	-15.89767	VB:monder,VBD:mondered,VBG:monder,VBN:monder,VBZ:monderes,JJ:monder,NN:monder,NNS:monderes
vingly	-15.97158	VB:vingly,VBD:vinglyed,VBG:vinglying,VBN:vinglyed,VBZ:vinglys,JJ:vingly,NN:vingly,NNS:vinglys
sivent	-15.99858	VB:sivent,VBD:sivent,VBG:sivent,VBN:sivent,VBZ:sivent,JJ:siventy,NN:sivent,NNS:sivent
wasid	-16.00039	VB:wasid,VBD:wasided,VBG:wasid,VBN:wasided,VBZ:wasides,JJ:wasid,NN:wasid,NNS:wasides
lerip	-16.01517	VB:lerip,VBD:leripated,VBG:leripating,VBN:leripated,VBZ:leripates,JJ:leripy,NN:lerip,NNS:lerips
alitic	-16.07064	VB:alitic,VBD:aliticked,VBG:aliticking,VBN:aliticked,VBZ:aliticks,JJ:aliticed,NN:aliticed,NNS:aliticed
licon	-16.08948	VB:licon,VBD:liconed,VBG:liconing,VBN:liconed,VBZ:liconed,JJ:liconed,NN:licon,NNS:liconed
emous	-16.09665	VB:emous,VBD:emous,VBG:emous,VBN:emous,VBZ:emous,JJ:emoust,NN:emoust,NNS:emouses
magne	-16.10913	VB:magne,VBD:magnes,VBG:magne,VBN:magne,VBZ:magne,JJ:magne,NN:magnee,NNS:magne
ghter	-16.12396	VB:ghter,VBD:ghted,VBG:ghter,VBN:ghted,VBZ:ghtes,JJ:ghter,NN:ghter,NNS:ghteres
aphist	-16.12555	VB:aphist,VBD:aphisted,VBG:aphisting,VBN:aphisted,VBZ:aphist,JJ:aphistic,NN:aphist,NNS:aphists
evate	-16.15925	VB:evate,VBD:evat,VBG:evat,VBN:evat,VBZ:evat,JJ:evat,NN:evat,NNS:evat
harma	-16.16565	VB:harma,VBD:harmad,VBG:harmating,VBN:harmated,VBZ:harmates,JJ:harmatic,NN:harmat,NNS:harmates
ametia	-16.16642	VB:ametia,VBD:ametiaed,VBG:ametiaing,VBN:ametiaed,VBZ:ametiaes,JJ:ametian,NN:ametia,NNS:ametias
ametic	-16.16642	VB:ametic,VBD:ameticked,VBG:ameticking,VBN:ameticked,VBZ:ameticks,JJ:ameticed,NN:ameticed,NNS:ameticed
termis	-16.16964	VB:termis,VBD:termis,VBG:termis,VBN:termis,VBZ:termis,JJ:termish,NN:termish,NNS:termish
dentick	-16.22394	VB:dentick,VBD:denticked,VBG:denticking,VBN:denticked,VBZ:denticks,JJ:denticky,NN:dentick,NNS:denticks
shably	-16.25367	VB:shably,VBD:shablyed,VBG:shablying,VBN:shablyed,VBZ:shablys,JJ:shably,NN:shably,NNS:shablys
cauls	-16.26418	VB:cauls,VBD:caulsed,VBG:caulsing,VBN:caulsed,VBZ:caulses,JJ:caulsy,NN:cauls,NNS:caulses
terism	-16.27553	VB:terism,VBD:terismd,VBG:terisming,VBN:terismd,VBZ:terisms,JJ:terism,NN:terism,NNS:terisms
orser	-16.27730	VB:orser,VBD:orsed,VBG:orseing,VBN:orsed,VBZ:orses,JJ:orser,NN:orser,NNS:orseres
thoid	-16.34393	VB:thoid,VBD:thoided,VBG:thoid,VBN:thoided,VBZ:thoides,JJ:thoid,NN:thoid,NNS:thoides
opism	-16.37600	VB:opism,VBD:opismd,VBG:opisming,VBN:opismd,VBZ:opisms,JJ:opism,NN:opism,NNS:opisms
tionde	-16.37612	VB:tionde,VBD:tionded,VBG:tionding,VBN:tionded,VBZ:tionde,JJ:tiond,NN:tiond,NNS:tionds
analis	-16.37735	VB:analis,VBD:analis,VBG:analis,VBN:analis,VBZ:analis,JJ:analish,NN:analish,NNS:analish
wrion	-16.38985	VB:wrion,VBD:wrioned,VBG:wrioning,VBN:wrioned,VBZ:wrioned,JJ:wrioned,NN:wrion,NNS:wrioned
sagge	-16.41099	VB:sagge,VBD:saggeed,VBG:saggeing,VBN:saggeed,VBZ:saggees,JJ:sagge,NN:sagge,NNS:sagges
nomatic	-16.44041	VB:nomatic,VBD:nomaticked,VBG:nomaticking,VBN:nomaticked,VBZ:nomaticks,JJ:nomaticed,NN:nomaticed,NNS:nomaticed
scoide	-16.44373	VB:scoide,VBD:scoided,VBG:scoiding,VBN:scoided,VBZ:scoide,JJ:scoid,NN:scoid,NNS:scoids
stilic	-16.46978	VB:stilic,VBD:stilicked,VBG:stilicking,VBN:stilicked,VBZ:stilicks,JJ:stiliced,NN:stiliced,NNS:stiliced
riness	-16.48405	VB:riness,VBD:rinessed,VBG:rinessing,VBN:rinessed,VBZ:rines,JJ:rinessy,NN:riness,NNS:rines
scepin	-16.50058	VB:scepin,VBD:scepined,VBG:scepining,VBN:scepined,VBZ:scepins,JJ:scepiny,NN:scepin,NNS:scepins
meling	-16.50442	VB:meling,VBD:melinged,VBG:melinging,VBN:melinged,VBZ:melings,JJ:meling,NN:meling,NNS:melings
osial	-16.63068	VB:osial,VBD:osiated,VBG:osial,VBN:osiated,VBZ:osiated,JJ:osiated,NN:osiated,NNS:osiated
ouske	-16.63771	VB:ouske,VBD:ouske,VBG:ouske,VBN:ouske,VBZ:ouske,JJ:ouske,NN:ouske,NNS:ouske
ortut	-16.77488	VB:ortut,VBD:ortutted,VBG:ortutting,VBN:ortutted,VBZ:ortutts,JJ:ortutty,NN:ortutt,NNS:ortutts
haliss	-16.78802	VB:haliss,VBD:halised,VBG:halising,VBN:halised,VBZ:halises,JJ:halissy,NN:haliss,NNS:halisses
lotal	-16.80098	VB:lotal,VBD:lotal,VBG:lotal,VBN:lotal,VBZ:lotaled,JJ:lotal,NN:lotal,NNS:lotal
eninge	-16.80857	VB:eninge,VBD:eningeed,VBG:eninging,VBN:eningeed,VBZ:eningees,JJ:eninge,NN:eninge,NNS:eninges
exping	-16.81483	VB:exping,VBD:expinged,VBG:expinging,VBN:expinged,VBZ:expings,JJ:exping,NN:exping,NNS:expings
eting	-16.82561	VB:eting,VBD:etinged,VBG:etinging,VBN:etinged,VBZ:etings,JJ:eting,NN:eting,NNS:etings
deratic	-16.84655	VB:deratic,VBD:deraticked,VBG:deraticking,VBN:deraticked,VBZ:deraticks,JJ:deraticed,NN:deraticed,NNS:deraticed
mothon	-16.88435	VB:mothon,VBD:mothoned,VBG:mothoning,VBN:mothoned,VBZ:mothoned,JJ:mothoned,NN:mothon,NNS:mothoned
denine	-16.90590	VB:denine,VBD:denines,VBG:dening,VBN:denine,VBZ:denine,JJ:deniny,NN:deninee,NNS:denine
agous	-16.95918	VB:agous,VBD:agous,VBG:agous,VBN:agous,VBZ:agous,JJ:agoust,NN:agoust,NNS:agouses
logria	-16.96548	VB:logria,VBD:logriaed,VBG:logriaing,VBN:logriaed,VBZ:logriaes,JJ:logrian,NN:logria,NNS:logrias
jarte	-16.97776	VB:jarte,VBD:jarte,VBG:jarteing,VBN:jarte,VBZ:jarte,JJ:jarted,NN:jarte,NNS:jarte
oxent	-17.04554	VB:oxent,VBD:oxent,VBG:oxent,VBN:oxent,VBZ:oxent,JJ:oxenty,NN:oxent,NNS:oxent
occul	-17.04910	VB:occul,VBD:occuled,VBG:occuling,VBN:occuled,VBZ:occuls,JJ:occul,NN:occul,NNS:occuls
loder	-17.05572	VB:loder,VBD:lodered,VBG:loder,VBN:loder,VBZ:loderes,JJ:loder,NN:loder,NNS:loderes
ziness	-17.06879	VB:ziness,VBD:zinessed,VBG:zinessing,VBN:zinessed,VBZ:zines,JJ:zinessy,NN:ziness,NNS:zines
nedly	-17.09588	VB:nedly,VBD:nedlyed,VBG:nedlying,VBN:nedlyed,VBZ:nedlys,JJ:nedly,NN:nedly,NNS:nedlys
olike	-17.12835	VB:olike,VBD:olike,VBG:olike,VBN:olike,VBZ:olike,JJ:olike,NN:olike,NNS:olike
dergin	-17.13193	VB:dergin,VBD:dergined,VBG:dergining,VBN:dergined,VBZ:dergins,JJ:derginy,NN:dergin,NNS:dergins
icatic	-17.15776	VB:icatic,VBD:icaticked,VBG:icaticking,VBN:icaticked,VBZ:icaticks,JJ:icaticed,NN:icaticed,NNS:icaticed
leing	-17.17097	VB:leing,VBD:leinged,VBG:leinging,VBN:leinged,VBZ:leings,JJ:leing,NN:leing,NNS:leings
azzle	-17.17611	VB:azzle,VBD:azzles,VBG:azzle,VBN:azzle,VBZ:azzle,JJ:azzle,NN:azzle,NNS:azzle
monous	-17.25115	VB:monous,VBD:monous,VBG:monous,VBN:monous,VBZ:monous,JJ:monoust,NN:monoust,NNS:monouses
progus	-17.28540	VB:progus,VBD:progus,VBG:progus,VBN:progus,VBZ:progus,JJ:progust,NN:progust,NNS:proguses
atous	-17.33501	VB:atous,VBD:atous,VBG:atous,VBN:atous,VBZ:atous,JJ:atoust,NN:atoust,NNS:atouses
perder	-17.35819	VB:perder,VBD:perdered,VBG:perder,VBN:perder,VBZ:perderes,JJ:perder,NN:perder,NNS:perderes
histic	-17.38337	VB:histic,VBD:histicked,VBG:histicking,VBN:histicked,VBZ:histicks,JJ:histiced,NN:histiced,NNS:histiced
ditral	-17.39679	VB:ditral,VBD:ditral,VBG:ditral,VBN:ditral,VBZ:ditraled,JJ:ditral,NN:ditral,NNS:ditral
supentis	-17.42170	VB:supentis,VBD:supentis,VBG:supentis,VBN:supentis,VBZ:supentis,JJ:supentish,NN:supentish,NNS:supentish
hently	-17.44985	VB:hently,VBD:hentlyed,VBG:hentling,VBN:hentled,VBZ:hentles,JJ:hently,NN:hently,NNS:hentlys
ionse	-17.45087	VB:ionse,VBD:ionsed,VBG:ionsing,VBN:ionsed,VBZ:ionses,JJ:ionsy,NN:ionser,NNS:ionses
ceist	-17.46359	VB:ceist,VBD:ceisted,VBG:ceisting,VBN:ceisted,VBZ:ceist,JJ:ceistic,NN:ceist,NNS:ceists
asara	-17.49438	VB:asara,VBD:asaraed,VBG:asaraing,VBN:asaraed,VBZ:asaraes,JJ:asara,NN:asara,NNS:asaraes
inoness	-17.51018	VB:inoness,VBD:inonessed,VBG:inonessing,VBN:inonessed,VBZ:inones,JJ:inonessy,NN:inoness,NNS:inones
rousnet	-17.54278	VB:rousnet,VBD:rousnet,VBG:rousneting,VBN:rousnet,VBZ:rousnets,JJ:rousnet,NN:rousnet,NNS:rousnets
oriner	-17.56658	VB:oriner,VBD:orinered,VBG:oriner,VBN:oriner,VBZ:orineres,JJ:oriner,NN:oriner,NNS:orineres
micred	-17.57941	VB:micred,VBD:micred,VBG:micring,VBN:micred,VBZ:micres,JJ:micred,NN:micred,NNS:micred
erion	-17.60955	VB:erion,VBD:erioned,VBG:erioning,VBN:erioned,VBZ:erioned,JJ:erioned,NN:erion,NNS:erioned
seraly	-17.61305	VB:seraly,VBD:seralyed,VBG:seralying,VBN:seralyed,VBZ:seralys,JJ:seraly,NN:seraly,NNS:seralys
cracon	-17.63654	VB:cracon,VBD:craconed,VBG:craconing,VBN:craconed,VBZ:craconed,JJ:craconed,NN:cracon,NNS:craconed
urole	-17.67311	VB:urole,VBD:uroles,VBG:urole,VBN:urole,VBZ:urole,JJ:urole,NN:urole,NNS:urole
elless	-17.73015	VB:elless,VBD:ellessed,VBG:ellessing,VBN:ellessed,VBZ:elles,JJ:ellessy,NN:elless,NNS:elles
ionce	-17.75044	VB:ionce,VBD:ionce,VBG:ioncing,VBN:ionce,VBZ:ionce,JJ:ioncy,NN:ionced,NNS:ionce
uvite	-17.76324	VB:uvite,VBD:uvite,VBG:uviteing,VBN:uvite,VBZ:uvite,JJ:uvited,NN:uvite,NNS:uvite
liderp	-17.78698	VB:liderp,VBD:liderped,VBG:liderping,VBN:liderped,VBZ:liderps,JJ:liderpy,NN:liderp,NNS:liderps
ancric	-17.78703	VB:ancric,VBD:ancricked,VBG:ancricking,VBN:ancricked,VBZ:ancricks,JJ:ancriced,NN:ancriced,NNS:ancriced
ction	-17.79856	VB:ction,VBD:ctioned,VBG:cting,VBN:ctioned,VBZ:ctioned,JJ:ctic,NN:ction,NNS:ctioned
ritte	-17.84137	VB:ritte,VBD:ritte,VBG:ritting,VBN:ritte,VBZ:ritte,JJ:ritty,NN:ritt,NNS:ritts
ivent	-17.86596	VB:ivent,VBD:ivent,VBG:ivent,VBN:ivent,VBZ:ivent,JJ:iventy,NN:ivent,NNS:ivent
xenic	-17.89239	VB:xenic,VBD:xenicked,VBG:xenicking,VBN:xenicked,VBZ:xenicks,JJ:xeniced,NN:xeniced,NNS:xeniced
isate	-17.98563	VB:isate,VBD:isat,VBG:isat,VBN:isat,VBZ:isat,JJ:isat,NN:isat,NNS:isat
gosism	-18.00562	VB:gosism,VBD:gosismd,VBG:gosisming,VBN:gosismd,VBZ:gosisms,JJ:gosism,NN:gosism,NNS:gosisms
logely	-18.01146	VB:logely,VBD:logelyed,VBG:logelying,VBN:logelyed,VBZ:logelys,JJ:logely,NN:logely,NNS:logelys
rephth	-18.01954	VB:rephth,VBD:rephthed,VBG:rephthing,VBN:rephthed,VBZ:rephths,JJ:rephth,NN:rephth,NNS:rephths
entioust	-18.04402	VB:entioust,VBD:entiousted,VBG:entiousting,VBN:entiousted,VBZ:entioust,JJ:entioustic,NN:entioust,NNS:entiousts
anonde	-18.07816	VB:anonde,VBD:anonded,VBG:anonding,VBN:anonded,VBZ:anonde,JJ:anond,NN:anond,NNS:anonds
intally	-18.10105	VB:intally,VBD:intallyed,VBG:intallying,VBN:intallyed,VBZ:intallys,JJ:intally,NN:intally,NNS:intallys
chratia	-18.12140	VB:chratia,VBD:chratiaed,VBG:chratiaing,VBN:chratiaed,VBZ:chratiaes,JJ:chratian,NN:chratia,NNS:chratias
fasua	-18.13295	VB:fasua,VBD:fasuad,VBG:fasuating,VBN:fasuated,VBZ:fasuates,JJ:fasuate,NN:fasuate,NNS:fasuates
undider	-18.13521	VB:undider,VBD:undidered,VBG:undider,VBN:undider,VBZ:undideres,JJ:undider,NN:undider,NNS:undideres
odoly	-18.14748	VB:odoly,VBD:odolyed,VBG:odolying,VBN:odolyed,VBZ:odolys,JJ:odoly,NN:odoly,NNS:odolys
crecton	-18.15431	VB:crecton,VBD:crectoned,VBG:crectoning,VBN:crectoned,VBZ:crectoned,JJ:crectoned,NN:crecton,NNS:crectoned
immatid	-18.19348	VB:immatid,VBD:immatided,VBG:immatid,VBN:immatided,VBZ:immatides,JJ:immatid,NN:immatid,NNS:immatides
gicane	-18.21945	VB:gicane,VBD:gicanes,VBG:gicane,VBN:gicane,VBZ:gicane,JJ:gicane,NN:gicanee,NNS:gicane
aryin	-18.25014	VB:aryin,VBD:aryined,VBG:aryining,VBN:aryined,VBZ:aryins,JJ:aryiny,NN:aryin,NNS:aryins
antrous	-18.27320	VB:antrous,VBD:antrous,VBG:antrous,VBN:antrous,VBZ:antrous,JJ:antroust,NN:antroust,NNS:antrouses
tereer	-18.32787	VB:tereer,VBD:tereered,VBG:tereer,VBN:tereer,VBZ:tereeres,JJ:tereer,NN:tereer,NNS:tereeres
pyrse	-18.37541	VB:pyrse,VBD:pyrsed,VBG:pyrsing,VBN:pyrsed,VBZ:pyrses,JJ:pyrsy,NN:pyrser,NNS:pyrses
awaly	-18.37740	VB:awaly,VBD:awalyed,VBG:awalying,VBN:awalyed,VBZ:awalys,JJ:awaly,NN:awaly,NNS:awalys
urius	-18.39134	VB:urius,VBD:urius,VBG:urius,VBN:urius,VBZ:urius,JJ:uriust,NN:uriust,NNS:uriuses
mnity	-18.48222	VB:mnity,VBD:mnity,VBG:mnity,VBN:mnity,VBZ:mnity,JJ:mnity,NN:mnity,NNS:mnity
ativele	-18.49451	VB:ativele,VBD:ativeles,VBG:ativeling,VBN:ativele,VBZ:ativele,JJ:atively,NN:ativele,NNS:ativele
cymid	-18.51709	VB:cymid,VBD:cymided,VBG:cyming,VBN:cymided,VBZ:cymides,JJ:cymid,NN:cymid,NNS:cymides
malizel	-18.52730	VB:malizel,VBD:malizel,VBG:malizeling,VBN:malizeled,VBZ:malizeles,JJ:malizely,NN:malizeler,NNS:malizelers
eurish	-18.56884	VB:eurish,VBD:eurished,VBG:eurishing,VBN:eurished,VBZ:eurishes,JJ:eurish,NN:eurish,NNS:eurishes
iater	-18.59180	VB:iater,VBD:iated,VBG:iater,VBN:iated,VBZ:iates,JJ:iater,NN:iater,NNS:iateres
divary	-18.62194	VB:divary,VBD:divary,VBG:divary,VBN:divary,VBZ:divary,JJ:divary,NN:divary,NNS:divary
unaticis	-18.65540	VB:unaticis,VBD:unaticis,VBG:unaticis,VBN:unaticis,VBZ:unaticis,JJ:unaticish,NN:unaticish,NNS:unaticish
catlet	-18.69088	VB:catlet,VBD:catlet,VBG:catleting,VBN:catlet,VBZ:catlets,JJ:catlet,NN:catlet,NNS:catlets
dudic	-18.69283	VB:dudic,VBD:dudicked,VBG:dudicking,VBN:dudicked,VBZ:dudicks,JJ:dudiced,NN:dudiced,NNS:dudiced
epulty	-18.78824	VB:epulty,VBD:epulty,VBG:epulty,VBN:epulty,VBZ:epulty,JJ:epulty,NN:epulty,NNS:epulty
andecod	-18.84692	VB:andecod,VBD:andecoded,VBG:andecoding,VBN:andecoded,VBZ:andecods,JJ:andecod,NN:andecod,NNS:andecods
moncry	-18.87308	VB:moncry,VBD:moncry,VBG:moncry,VBN:moncry,VBZ:moncry,JJ:moncry,NN:moncry,NNS:moncry
illant	-18.88113	VB:illant,VBD:illant,VBG:illant,VBN:illant,VBZ:illant,JJ:illanty,NN:illant,NNS:illant
antroce	-18.90534	VB:antroce,VBD:antroce,VBG:antroceing,VBN:antroce,VBZ:antroce,JJ:antroce,NN:antroced,NNS:antroce
erfic	-18.91291	VB:erfic,VBD:erficked,VBG:erficking,VBN:erficked,VBZ:erficks,JJ:erficed,NN:erficed,NNS:erficed
araphad	-18.93407	VB:araphad,VBD:araphad,VBG:araphading,VBN:araphad,VBZ:araphads,JJ:araphad,NN:araphad,NNS:araphads
truble	-18.93565	VB:truble,VBD:trubles,VBG:trubling,VBN:truble,VBZ:truble,JJ:trubly,NN:truble,NNS:truble
caldom	-18.96800	VB:caldom,VBD:caldomd,VBG:caldoming,VBN:caldomd,VBZ:caldoms,JJ:caldom,NN:caldom,NNS:caldoms
hammic	-18.97885	VB:hammic,VBD:hammicked,VBG:hammicking,VBN:hammicked,VBZ:hammicks,JJ:hammiced,NN:hammiced,NNS:hammiced
oseis	-18.99555	VB:oseis,VBD:oseis,VBG:oseis,VBN:oseis,VBZ:oseis,JJ:oseish,NN:oseish,NNS:oseish
iable	-19.08835	VB:iable,VBD:iables,VBG:iabling,VBN:iable,VBZ:iable,JJ:iably,NN:iable,NNS:iable
icably	-19.10638	VB:icably,VBD:icablyed,VBG:icablying,VBN:icablyed,VBZ:icablys,JJ:icably,NN:icably,NNS:icablys
eptiste	-19.10639	VB:eptiste,VBD:eptiste,VBG:eptisting,VBN:eptiste,VBZ:eptists,JJ:eptisty,NN:eptist,NNS:eptists
iration	-19.14928	VB:iration,VBD:irated,VBG:irating,VBN:irated,VBZ:irates,JJ:iratory,NN:iration,NNS:irationed
somoce	-19.15764	VB:somoce,VBD:somoce,VBG:somoceing,VBN:somoce,VBZ:somoce,JJ:somoce,NN:somoced,NNS:somoce
deriness	-19.20416	VB:deriness,VBD:derinessed,VBG:derinessing,VBN:derinessed,VBZ:derines,JJ:derinessy,NN:deriness,NNS:derines
philogy	-19.24097	VB:philogy,VBD:philogied,VBG:philogying,VBN:philogied,VBZ:philogies,JJ:philogy,NN:philogy,NNS:philogies
derifor	-19.25655	VB:derifor,VBD:derifored,VBG:deriforing,VBN:derifored,VBZ:derifors,JJ:derifory,NN:derifor,NNS:derifors
fisone	-19.26824	VB:fisone,VBD:fisones,VBG:fisone,VBN:fisone,VBZ:fisone,JJ:fisone,NN:fisonee,NNS:fisone
apiness	-19.27889	VB:apiness,VBD:apinessed,VBG:apinessing,VBN:apinessed,VBZ:apines,JJ:apinessy,NN:apiness,NNS:apines
cisher	-19.30804	VB:cisher,VBD:cishered,VBG:cisher,VBN:cisher,VBZ:cisheres,JJ:cisher,NN:cisher,NNS:cisheres
pulste	-19.34334	VB:pulste,VBD:pulste,VBG:pulsting,VBN:pulste,VBZ:pulsts,JJ:pulsty,NN:pulst,NNS:pulsts
ograte	-19.35706	VB:ograte,VBD:ograt,VBG:ograt,VBN:ograt,VBZ:ograt,JJ:ograt,NN:ograt,NNS:ograt
aquilly	-19.36326	VB:aquilly,VBD:aquillyed,VBG:aquillying,VBN:aquillyed,VBZ:aquillys,JJ:aquilly,NN:aquilly,NNS:aquillys
ephilly	-19.36396	VB:ephilly,VBD:ephillyed,VBG:ephillying,VBN:ephillyed,VBZ:ephillys,JJ:ephilly,NN:ephilly,NNS:ephillys
torprop	-19.38173	VB:torprop,VBD:torproped,VBG:torproping,VBN:torproped,VBZ:torpropes,JJ:torpropal,NN:torprop,NNS:torprops
alowen	-19.38735	VB:alowen,VBD:alowened,VBG:alowening,VBN:alowened,VBZ:alowens,JJ:aloweny,NN:alowen,NNS:alowens
hexhal	-19.40209	VB:hexhal,VBD:hexhal,VBG:hexhal,VBN:hexhal,VBZ:hexhaled,JJ:hexhal,NN:hexhal,NNS:hexhal
pheadeg	-19.46149	VB:pheadeg,VBD:pheadeged,VBG:pheadeging,VBN:pheadeged,VBZ:pheadeges,JJ:pheadeg,NN:pheadeg,NNS:pheadeges
annally	-19.50850	VB:annally,VBD:annallyed,VBG:annallying,VBN:annallyed,VBZ:annallys,JJ:annally,NN:annally,NNS:annallys
hagrang	-19.55007	VB:hagrang,VBD:hagranged,VBG:hagranging,VBN:hagranged,VBZ:hagrangs,JJ:hagrang,NN:hagrang,NNS:hagrangs
apsing	-19.56544	VB:apsing,VBD:apsinged,VBG:apsinging,VBN:apsinged,VBZ:apsings,JJ:apsing,NN:apsing,NNS:apsings
antersel	-19.65448	VB:antersel,VBD:antersel,VBG:anterseling,VBN:anterseled,VBZ:anterseles,JJ:antersely,NN:anterseler,NNS:anterselers
escli	-19.65759	VB:escli,VBD:esclied,VBG:escliing,VBN:esclied,VBZ:esclies,JJ:escli,NN:escli,NNS:escli
iltry	-19.65763	VB:iltry,VBD:iltry,VBG:iltry,VBN:iltry,VBZ:iltry,JJ:iltry,NN:iltry,NNS:iltry
thmess	-19.67430	VB:thmess,VBD:thmessed,VBG:thmessing,VBN:thmessed,VBZ:thmes,JJ:thmessy,NN:thmess,NNS:thmes
unciast	-19.74811	VB:unciast,VBD:unciasted,VBG:unciasting,VBN:unciasted,VBZ:unciast,JJ:unciastic,NN:unciast,NNS:unciasts
cunly	-19.76669	VB:cunly,VBD:cunlyed,VBG:cunlying,VBN:cunlyed,VBZ:cunlys,JJ:cunly,NN:cunly,NNS:cunlys
debess	-19.78625	VB:debess,VBD:debessed,VBG:debessing,VBN:debessed,VBZ:debes,JJ:debessy,NN:debess,NNS:debes
iteric	-19.81156	VB:iteric,VBD:itericked,VBG:itericking,VBN:itericked,VBZ:itericks,JJ:itericed,NN:itericed,NNS:itericed
thual	-19.82014	VB:thual,VBD:thual,VBG:thual,VBN:thual,VBZ:thualed,JJ:thual,NN:thual,NNS:thual
ibran	-19.82021	VB:ibran,VBD:ibran,VBG:ibraning,VBN:ibraned,VBZ:ibrans,JJ:ibran,NN:ibran,NNS:ibrans
dingness	-19.89536	VB:dingness,VBD:dingnessed,VBG:dingnessing,VBN:dingnessed,VBZ:dingnes,JJ:dingnessy,NN:dingness,NNS:dingnes
naloss	-19.92459	VB:naloss,VBD:nalossed,VBG:nalossing,VBN:nalossed,VBZ:nalosses,JJ:nalossy,NN:naloss,NNS:nalosses
anknic	-19.92695	VB:anknic,VBD:anknicked,VBG:anknicking,VBN:anknicked,VBZ:anknicks,JJ:ankniced,NN:ankniced,NNS:ankniced
ivess	-19.92732	VB:ivess,VBD:ivessed,VBG:ivessing,VBN:ivessed,VBZ:ives,JJ:ivessy,NN:ivess,NNS:ives
tatomic	-19.94924	VB:tatomic,VBD:tatomicked,VBG:tatomicking,VBN:tatomicked,VBZ:tatomicks,JJ:tatomiced,NN:tatomiced,NNS:tatomiced
subibry	-20.00478	VB:subibry,VBD:subibry,VBG:subibry,VBN:subibry,VBZ:subibry,JJ:subibry,NN:subibry,NNS:subibry
macquid	-20.00934	VB:macquid,VBD:macquided,VBG:macquid,VBN:macquided,VBZ:macquides,JJ:macquid,NN:macquid,NNS:macquides
ograck	-20.06762	VB:ograck,VBD:ogracked,VBG:ogracking,VBN:ogracked,VBZ:ogracks,JJ:ogracky,NN:ograck,NNS:ogracks
coplike	-20.13155	VB:coplike,VBD:coplike,VBG:coplike,VBN:coplike,VBZ:coplike,JJ:coplike,NN:coplike,NNS:coplike
ocoper	-20.13266	VB:ocoper,VBD:ocopered,VBG:ocoper,VBN:ocoper,VBZ:ocoperes,JJ:ocoper,NN:ocoper,NNS:ocoperes
ofiste	-20.19218	VB:ofiste,VBD:ofiste,VBG:ofisting,VBN:ofiste,VBZ:ofists,JJ:ofisty,NN:ofist,NNS:ofists
sechly	-20.21024	VB:sechly,VBD:sechlyed,VBG:sechlying,VBN:sechlyed,VBZ:sechlys,JJ:sechly,NN:sechly,NNS:sechlys
malbor	-20.21492	VB:malbor,VBD:malbored,VBG:malboring,VBN:malbored,VBZ:malbors,JJ:malbory,NN:malbor,NNS:malbors
ortionic	-20.22213	VB:ortionic,VBD:ortionicked,VBG:ortionicking,VBN:ortionicked,VBZ:ortionicks,JJ:ortioniced,NN:ortioniced,NNS:ortioniced
efilia	-20.22489	VB:efilia,VBD:efiliaed,VBG:efiliaing,VBN:efiliaed,VBZ:efiliaes,JJ:efilian,NN:efilia,NNS:efilias
photous	-20.22504	VB:photous,VBD:photous,VBG:photous,VBN:photous,VBZ:photous,JJ:photoust,NN:photoust,NNS:photouses
tictal	-20.24923	VB:tictal,VBD:tictal,VBG:tictal,VBN:tictal,VBZ:tictaled,JJ:tictal,NN:tictal,NNS:tictal
enoiss	-20.25282	VB:enoiss,VBD:enoised,VBG:enoising,VBN:enoised,VBZ:enoises,JJ:enoissy,NN:enoiss,NNS:enoisses
terging	-20.25506	VB:terging,VBD:terginged,VBG:terginging,VBN:terginged,VBZ:tergings,JJ:terging,NN:terging,NNS:tergings
gicalel	-20.27597	VB:gicalel,VBD:gicalel,VBG:gicaleling,VBN:gicaleled,VBZ:gicaleles,JJ:gicalely,NN:gicaleler,NNS:gicalelers
livess	-20.36013	VB:livess,VBD:livessed,VBG:livessing,VBN:livessed,VBZ:lives,JJ:livessy,NN:livess,NNS:lives
fordione	-20.39617	VB:fordione,VBD:fordiones,VBG:fordione,VBN:fordione,VBZ:fordione,JJ:fordione,NN:fordionee,NNS:fordione
quadne	-20.43449	VB:quadne,VBD:quadnes,VBG:quadne,VBN:quadne,VBZ:quadne,JJ:quadne,NN:quadnee,NNS:quadne
ewism	-20.44065	VB:ewism,VBD:ewismd,VBG:ewisming,VBN:ewismd,VBZ:ewisms,JJ:ewism,NN:ewism,NNS:ewisms
imantly	-20.44473	VB:imantly,VBD:imantlyed,VBG:imantling,VBN:imantled,VBZ:imantles,JJ:imantly,NN:imantly,NNS:imantlys
unscrant	-20.46932	VB:unscrant,VBD:unscrant,VBG:unscrant,VBN:unscrant,VBZ:unscrant,JJ:unscranty,NN:unscrant,NNS:unscrant
icatal	-20.53618	VB:icatal,VBD:icatal,VBG:icatal,VBN:icatal,VBZ:icataled,JJ:icatal,NN:icatal,NNS:icatal
croption	-20.67057	VB:croption,VBD:croptioned,VBG:cropting,VBN:croptioned,VBZ:croptioned,JJ:croptic,NN:croption,NNS:croptioned
patoider	-20.67655	VB:patoider,VBD:patoidered,VBG:patoider,VBN:patoider,VBZ:patoideres,JJ:patoider,NN:patoider,NNS:patoideres
wirous	-20.67665	VB:wirous,VBD:wirous,VBG:wirous,VBN:wirous,VBZ:wirous,JJ:wiroust,NN:wiroust,NNS:wirouses
phorpic	-20.67974	VB:phorpic,VBD:phorpicked,VBG:phorpicking,VBN:phorpicked,VBZ:phorpicks,JJ:phorpiced,NN:phorpiced,NNS:phorpiced
cythile	-20.71028	VB:cythile,VBD:cythiles,VBG:cythile,VBN:cythile,VBZ:cythile,JJ:cythile,NN:cythile,NNS:cythile
uncenson	-20.71819	VB:uncenson,VBD:uncensoned,VBG:uncensoning,VBN:uncensoned,VBZ:uncensoned,JJ:uncensoned,NN:uncenson,NNS:uncensoned
podenow	-20.72968	VB:podenow,VBD:podenowed,VBG:podenowing,VBN:podenowd,VBZ:podenows,JJ:podenow,NN:podenow,NNS:podenows
fectosm	-20.76512	VB:fectosm,VBD:fectosmd,VBG:fectosming,VBN:fectosmd,VBZ:fectosms,JJ:fectosm,NN:fectosm,NNS:fectosms
tomicic	-20.77184	VB:tomicic,VBD:tomicicked,VBG:tomicicking,VBN:tomicicked,VBZ:tomicicks,JJ:tomiciced,NN:tomiciced,NNS:tomiciced
neshery	-20.80326	VB:neshery,VBD:neshered,VBG:neshering,VBN:neshered,VBZ:neshers,JJ:neshery,NN:nesher,NNS:neshers
istrify	-20.85614	VB:istrify,VBD:istrified,VBG:istrifying,VBN:istrified,VBZ:istrifies,JJ:istrified,NN:istrif,NNS:istrifies
alinary	-20.88126	VB:alinary,VBD:alinated,VBG:alinating,VBN:alinated,VBZ:alinates,JJ:alinary,NN:alinate,NNS:alinates
fecones	-20.89910	VB:fecones,VBD:feconed,VBG:feconing,VBN:feconed,VBZ:feconeses,JJ:fecony,NN:fecon,NNS:fecons
osigic	-20.89920	VB:osigic,VBD:osigicked,VBG:osigicking,VBN:osigicked,VBZ:osigicks,JJ:osigiced,NN:osigiced,NNS:osigiced
albond	-20.91359	VB:albond,VBD:albond,VBG:albond,VBN:albond,VBZ:albond,JJ:albond,NN:albond,NNS:albond
milkad	-20.93764	VB:milkad,VBD:milkad,VBG:milkading,VBN:milkad,VBZ:milkads,JJ:milkad,NN:milkad,NNS:milkads
consuble	-20.97137	VB:consuble,VBD:consubles,VBG:consubling,VBN:consuble,VBZ:consuble,JJ:consubly,NN:consuble,NNS:consuble
stermus	-21.02156	VB:stermus,VBD:stermus,VBG:stermus,VBN:stermus,VBZ:stermus,JJ:stermust,NN:stermust,NNS:stermuses
oringus	-21.11313	VB:oringus,VBD:oringus,VBG:oringus,VBN:oringus,VBZ:oringus,JJ:oringust,NN:oringust,NNS:oringuses
ibret	-21.12285	VB:ibret,VBD:ibret,VBG:ibreting,VBN:ibret,VBZ:ibrets,JJ:ibret,NN:ibret,NNS:ibrets
oydrot	-21.14839	VB:oydrot,VBD:oydrot,VBG:oydroting,VBN:oydroted,VBZ:oydrots,JJ:oydrotic,NN:oydrot,NNS:oydrots
icaldy	-21.15567	VB:icaldy,VBD:icaldyed,VBG:icaldying,VBN:icaldyed,VBZ:icaldys,JJ:icaldy,NN:icaldy,NNS:icaldys
rastivel	-21.15884	VB:rastivel,VBD:rastivel,VBG:rastiveling,VBN:rastiveled,VBZ:rastiveles,JJ:rastively,NN:rastiveler,NNS:rastivelers
uthely	-21.16713	VB:uthely,VBD:uthelyed,VBG:uthelying,VBN:uthelyed,VBZ:uthelys,JJ:uthely,NN:uthely,NNS:uthelys
lumoge	-21.18737	VB:lumoge,VBD:lumogeed,VBG:lumogeing,VBN:lumogeed,VBZ:lumogees,JJ:lumoge,NN:lumoge,NNS:lumoges
amniter	-21.20452	VB:amniter,VBD:amnited,VBG:amniting,VBN:amnited,VBZ:amnites,JJ:amniter,NN:amniter,NNS:amniteres
etalow	-21.21061	VB:etalow,VBD:etalowed,VBG:etalowing,VBN:etalowd,VBZ:etalows,JJ:etalow,NN:etalow,NNS:etalows
autedne	-21.21594	VB:autedne,VBD:autednes,VBG:autedne,VBN:autedne,VBZ:autedne,JJ:autedne,NN:autednee,NNS:autedne
oloidis	-21.29014	VB:oloidis,VBD:oloidis,VBG:oloidis,VBN:oloidis,VBZ:oloidis,JJ:oloidish,NN:oloidish,NNS:oloidish
ommess	-21.29406	VB:ommess,VBD:ommessed,VBG:ommessing,VBN:ommessed,VBZ:ommes,JJ:ommessy,NN:ommess,NNS:ommes
atrigh	-21.30880	VB:atrigh,VBD:atrighed,VBG:atrighing,VBN:atrighed,VBZ:atrighs,JJ:atrigh,NN:atrigh,NNS:atrighs
ponating	-21.33491	VB:ponating,VBD:ponatinged,VBG:ponatinging,VBN:ponatinged,VBZ:ponatings,JJ:ponating,NN:ponating,NNS:ponatings
utosic	-21.38203	VB:utosic,VBD:utosicked,VBG:utosicking,VBN:utosicked,VBZ:utosicks,JJ:utosiced,NN:utosiced,NNS:utosiced
rispht	-21.41621	VB:rispht,VBD:risphted,VBG:risphting,VBN:risphted,VBZ:risphts,JJ:risphty,NN:rispht,NNS:risphts
lemird	-21.44319	VB:lemird,VBD:lemird,VBG:lemird,VBN:lemird,VBZ:lemird,JJ:lemird,NN:lemird,NNS:lemirds
raddiss	-21.47165	VB:raddiss,VBD:raddised,VBG:raddising,VBN:raddised,VBZ:raddises,JJ:raddissy,NN:raddiss,NNS:raddisses
isetry	-21.52380	VB:isetry,VBD:isetry,VBG:isetry,VBN:isetry,VBZ:isetry,JJ:isetry,NN:isetry,NNS:isetry
angenne	-21.54328	VB:angenne,VBD:angennes,VBG:angenne,VBN:angenne,VBZ:angenne,JJ:angenne,NN:angennee,NNS:angenne
galloic	-21.54588	VB:galloic,VBD:galloicked,VBG:galloicking,VBN:galloicked,VBZ:galloicks,JJ:galloiced,NN:galloiced,NNS:galloiced
eartion	-21.54671	VB:eartion,VBD:eartioned,VBG:earting,VBN:eartioned,VBZ:eartioned,JJ:eartic,NN:eartion,NNS:eartioned
sheroly	-21.55596	VB:sheroly,VBD:sherolyed,VBG:sherolying,VBN:sherolyed,VBZ:sherolys,JJ:sheroly,NN:sheroly,NNS:sherolys
pectrous	-21.56949	VB:pectrous,VBD:pectrous,VBG:pectrous,VBN:pectrous,VBZ:pectrous,JJ:pectroust,NN:pectroust,NNS:pectrouses
stiousac	-21.60102	VB:stiousac,VBD:stiousaced,VBG:stiousacing,VBN:stiousaced,VBZ:stiousaces,JJ:stiousacy,NN:stiousacy,NNS:stiousacies
unsibion	-21.60433	VB:unsibion,VBD:unsibioned,VBG:unsibioning,VBN:unsibioned,VBZ:unsibioned,JJ:unsibioned,NN:unsibion,NNS:unsibioned
igalin	-21.65292	VB:igalin,VBD:igalined,VBG:igalining,VBN:igalined,VBZ:igalins,JJ:igaliny,NN:igalin,NNS:igalins
nianke	-21.65495	VB:nianke,VBD:nianke,VBG:nianke,VBN:nianke,VBZ:nianke,JJ:nianke,NN:nianke,NNS:nianke
epiable	-21.69146	VB:epiable,VBD:epiables,VBG:epiabling,VBN:epiable,VBZ:epiable,JJ:epiably,NN:epiable,NNS:epiable
coatly	-21.70178	VB:coatly,VBD:coatlyed,VBG:coatling,VBN:coatled,VBZ:coatles,JJ:coatly,NN:coatly,NNS:coatlys
glybis	-21.70181	VB:glybis,VBD:glybis,VBG:glybis,VBN:glybis,VBZ:glybis,JJ:glybish,NN:glybish,NNS:glybish
eformis	-21.74851	VB:eformis,VBD:eformis,VBG:eformis,VBN:eformis,VBZ:eformis,JJ:eformish,NN:eformish,NNS:eformish
fulationad	-21.77991	VB:fulationad,VBD:fulationad,VBG:fulationading,VBN:fulationad,VBZ:fulationads,JJ:fulationad,NN:fulationad,NNS:fulationads
utively	-21.79371	VB:utively,VBD:utivelyed,VBG:utivelying,VBN:utivelyed,VBZ:utivelys,JJ:utively,NN:utively,NNS:utivelys
epove	-21.79763	VB:epove,VBD:epove,VBG:epoving,VBN:epove,VBZ:epove,JJ:epove,NN:epove,NNS:epove
nihom	-21.81448	VB:nihom,VBD:nihomd,VBG:nihoming,VBN:nihomd,VBZ:nihoms,JJ:nihom,NN:nihom,NNS:nihoms
nontrous	-21.88083	VB:nontrous,VBD:nontrous,VBG:nontrous,VBN:nontrous,VBZ:nontrous,JJ:nontroust,NN:nontroust,NNS:nontrouses
ilintal	-21.90203	VB:ilintal,VBD:ilintal,VBG:ilintal,VBN:ilintal,VBZ:ilintaled,JJ:ilintal,NN:ilintal,NNS:ilintal
ialish	-21.90440	VB:ialish,VBD:ialished,VBG:ialishing,VBN:ialished,VBZ:ialishes,JJ:ialish,NN:ialish,NNS:ialishes
aphothin	-21.95855	VB:aphothin,VBD:aphothined,VBG:aphothining,VBN:aphothined,VBZ:aphothins,JJ:aphothiny,NN:aphothin,NNS:aphothins
picelly	-21.99347	VB:picelly,VBD:picellyed,VBG:picellying,VBN:picellyed,VBZ:picellys,JJ:picelly,NN:picelly,NNS:picellys
turanesh	-22.02204	VB:turanesh,VBD:turaneshed,VBG:turaneshing,VBN:turaneshed,VBZ:turaneshes,JJ:turanesh,NN:turanesh,NNS:turaneshes
hablitid	-22.02215	VB:hablitid,VBD:hablitided,VBG:hablitid,VBN:hablitided,VBZ:hablitides,JJ:hablitid,NN:hablitid,NNS:hablitides
glikeric	-22.03694	VB:glikeric,VBD:glikericked,VBG:glikericking,VBN:glikericked,VBZ:glikericks,JJ:glikericed,NN:glikericed,NNS:glikericed
stionitery	-22.04178	VB:stionitery,VBD:stionitered,VBG:stionitering,VBN:stionitered,VBZ:stioniters,JJ:stionitery,NN:stioniter,NNS:stioniters
otoming	-22.06724	VB:otoming,VBD:otominged,VBG:otominging,VBN:otominged,VBZ:otomings,JJ:otoming,NN:otoming,NNS:otomings
shiscont	-22.08055	VB:shiscont,VBD:shiscont,VBG:shiscont,VBN:shiscont,VBZ:shiscont,JJ:shisconty,NN:shiscont,NNS:shiscont
tripolop	-22.10145	VB:tripolop,VBD:tripoloped,VBG:tripoloping,VBN:tripoloped,VBZ:tripolopes,JJ:tripolopal,NN:tripolop,NNS:tripolops
tibleal	-22.10420	VB:tibleal,VBD:tibleal,VBG:tibleal,VBN:tibleal,VBZ:tiblealed,JJ:tibleal,NN:tibleal,NNS:tibleal
yphip	-22.12846	VB:yphip,VBD:yphipated,VBG:yphipating,VBN:yphipated,VBZ:yphipates,JJ:yphipy,NN:yphip,NNS:yphips
verador	-22.17263	VB:verador,VBD:veradored,VBG:veradoring,VBN:veradored,VBZ:veradors,JJ:veradory,NN:verador,NNS:veradors
appection	-22.31190	VB:appection,VBD:appectioned,VBG:appecting,VBN:appectioned,VBZ:appectioned,JJ:appectic,NN:appection,NNS:appectioned
reclaia	-22.31949	VB:reclaia,VBD:reclaiaed,VBG:reclaiaing,VBN:reclaiaed,VBZ:reclaiaes,JJ:reclaian,NN:reclaia,NNS:reclaias
derwoly	-22.33227	VB:derwoly,VBD:derwolyed,VBG:derwolying,VBN:derwolyed,VBZ:derwolys,JJ:derwoly,NN:derwoly,NNS:derwolys
olastal	-22.41575	VB:olastal,VBD:olastal,VBG:olastal,VBN:olastal,VBZ:olastaled,JJ:olastal,NN:olastal,NNS:olastal
unprehic	-22.41755	VB:unprehic,VBD:unprehicked,VBG:unprehing,VBN:unprehicked,VBZ:unprehicks,JJ:unprehiced,NN:unprehiced,NNS:unprehiced
iogent	-22.48610	VB:iogent,VBD:iogent,VBG:iogent,VBN:iogent,VBZ:iogent,JJ:iogenty,NN:iogent,NNS:iogent
luilar	-22.49208	VB:luilar,VBD:luilart,VBG:luilar,VBN:luilart,VBZ:luilar,JJ:luilary,NN:luilart,NNS:luilarts
inablenter	-22.49262	VB:inablenter,VBD:inablented,VBG:inablenter,VBN:inablented,VBZ:inablentes,JJ:inablenter,NN:inablenter,NNS:inablenteres
fleasic	-22.51268	VB:fleasic,VBD:fleasicked,VBG:fleasicking,VBN:fleasicked,VBZ:fleasicks,JJ:fleasiced,NN:fleasiced,NNS:fleasiced
inepatic	-22.60740	VB:inepatic,VBD:inepaticked,VBG:inepaticking,VBN:inepaticked,VBZ:inepaticks,JJ:inepaticed,NN:inepaticed,NNS:inepaticed
unflowin	-22.61029	VB:unflowin,VBD:unflowined,VBG:unflowining,VBN:unflowined,VBZ:unflowins,JJ:unflowiny,NN:unflowin,NNS:unflowins
ariteab	-22.62733	VB:ariteab,VBD:ariteabbed,VBG:ariteabbing,VBN:ariteabbed,VBZ:ariteabs,JJ:ariteabby,NN:ariteab,NNS:ariteabs
ilogric	-22.63937	VB:ilogric,VBD:ilogricked,VBG:ilogricking,VBN:ilogricked,VBZ:ilogricks,JJ:ilogriced,NN:ilogriced,NNS:ilogriced
blectionat	-22.64020	VB:blectionat,VBD:blectionat,VBG:blectionating,VBN:blectionated,VBZ:blectionats,JJ:blectionaty,NN:blectionat,NNS:blectionats
pluckst	-22.67147	VB:pluckst,VBD:plucksted,VBG:plucksting,VBN:plucksted,VBZ:pluckst,JJ:pluckstic,NN:pluckst,NNS:plucksts
lless	-22.67966	VB:lless,VBD:llessed,VBG:llessing,VBN:llessed,VBZ:lles,JJ:llessy,NN:lless,NNS:lles
boormal	-22.69867	VB:boormal,VBD:boormal,VBG:boormal,VBN:boormal,VBZ:boormaled,JJ:boormal,NN:boormal,NNS:boormal
ocrium	-22.76794	VB:ocrium,VBD:ocriumd,VBG:ocriuming,VBN:ocriumd,VBZ:ocriums,JJ:ocrium,NN:ocrium,NNS:ocriums
tonaline	-22.78435	VB:tonaline,VBD:tonalines,VBG:tonaling,VBN:tonaline,VBZ:tonaline,JJ:tonaliny,NN:tonalinee,NNS:tonaline
ianing	-22.80450	VB:ianing,VBD:ianinged,VBG:ianinging,VBN:ianinged,VBZ:ianings,JJ:ianing,NN:ianing,NNS:ianings
geaming	-22.81384	VB:geaming,VBD:geamed,VBG:geaminging,VBN:geamed,VBZ:geams,JJ:geaming,NN:geam,NNS:geams
licreal	-22.83648	VB:licreal,VBD:licreal,VBG:licreal,VBN:licreal,VBZ:licrealed,JJ:licreal,NN:licreal,NNS:licreal
unimille	-22.84976	VB:unimille,VBD:unimilles,VBG:unimilling,VBN:unimille,VBZ:unimille,JJ:unimilly,NN:unimille,NNS:unimille
opanity	-22.87438	VB:opanity,VBD:opanity,VBG:opanity,VBN:opanity,VBZ:opanity,JJ:opanity,NN:opanity,NNS:opanity
sprimia	-22.87526	VB:sprimia,VBD:sprimiaed,VBG:sprimiaing,VBN:sprimiaed,VBZ:sprimiaes,JJ:sprimian,NN:sprimia,NNS:sprimias
escolis	-22.90369	VB:escolis,VBD:escolis,VBG:escolis,VBN:escolis,VBZ:escolis,JJ:escolish,NN:escolish,NNS:escolish
riforce	-22.90889	VB:riforce,VBD:riforce,VBG:riforceing,VBN:riforce,VBZ:riforce,JJ:riforce,NN:riforced,NNS:riforce
injove	-22.92525	VB:injove,VBD:injove,VBG:injoving,VBN:injove,VBZ:injove,JJ:injove,NN:injove,NNS:injove
ficysis	-22.94106	VB:ficysis,VBD:ficysis,VBG:ficysis,VBN:ficysis,VBZ:ficysis,JJ:ficysish,NN:ficysish,NNS:ficysish
rassiont	-22.97878	VB:rassiont,VBD:rassiont,VBG:rassiont,VBN:rassiont,VBZ:rassiont,JJ:rassionty,NN:rassiont,NNS:rassiont
logoness	-23.02975	VB:logoness,VBD:logonessed,VBG:logonessing,VBN:logonessed,VBZ:logones,JJ:logonessy,NN:logoness,NNS:logones
sancyter	-23.03263	VB:sancyter,VBD:sancyted,VBG:sancyter,VBN:sancyted,VBZ:sancytes,JJ:sancyter,NN:sancyter,NNS:sancyteres
dationart	-23.03942	VB:dationart,VBD:dationart,VBG:dationart,VBN:dationart,VBZ:dationart,JJ:dationart,NN:dationart,NNS:dationart
ntion	-23.09604	VB:ntion,VBD:ntioned,VBG:nting,VBN:ntioned,VBZ:ntioned,JJ:ntic,NN:ntion,NNS:ntioned
anumman	-23.11687	VB:anumman,VBD:anumman,VBG:anummaning,VBN:anummaned,VBZ:anummans,JJ:anumman,NN:anumman,NNS:anummans
onycol	-23.14149	VB:onycol,VBD:onycoled,VBG:onycoling,VBN:onycoled,VBZ:onycols,JJ:onycol,NN:onycol,NNS:onycols
psingente	-23.19114	VB:psingente,VBD:psingente,VBG:psingenteing,VBN:psingente,VBZ:psingente,JJ:psingented,NN:psingente,NNS:psingente
reomych	-23.24813	VB:reomych,VBD:reomyched,VBG:reomyching,VBN:reomyched,VBZ:reomyches,JJ:reomych,NN:reomych,NNS:reomyches
lebless	-23.25207	VB:lebless,VBD:leblessed,VBG:leblessing,VBN:leblessed,VBZ:lebles,JJ:leblessy,NN:lebless,NNS:lebles
reaccry	-23.28155	VB:reaccry,VBD:reaccry,VBG:reaccry,VBN:reaccry,VBZ:reaccry,JJ:reaccry,NN:reaccry,NNS:reaccry
ntick	-23.28802	VB:ntick,VBD:nticked,VBG:nticking,VBN:nticked,VBZ:nticks,JJ:nticky,NN:ntick,NNS:nticks
tersitar	-23.29721	VB:tersitar,VBD:tersitart,VBG:tersitar,VBN:tersitart,VBZ:tersitar,JJ:tersitary,NN:tersitart,NNS:tersitarts
ulastant	-23.30675	VB:ulastant,VBD:ulastant,VBG:ulastant,VBN:ulastant,VBZ:ulastant,JJ:ulastanty,NN:ulastant,NNS:ulastant
adfoon	-23.32500	VB:adfoon,VBD:adfooned,VBG:adfooning,VBN:adfooned,VBZ:adfooned,JJ:adfooned,NN:adfoon,NNS:adfooned
anchrism	-23.37843	VB:anchrism,VBD:anchrismd,VBG:anchrisming,VBN:anchrismd,VBZ:anchrisms,JJ:anchrism,NN:anchrism,NNS:anchrisms
trabluck	-23.38537	VB:trabluck,VBD:trablucked,VBG:trablucking,VBN:trablucked,VBZ:trablucks,JJ:trablucky,NN:trabluck,NNS:trablucks
apawne	-23.43027	VB:apawne,VBD:apawnes,VBG:apawne,VBN:apawne,VBZ:apawne,JJ:apawne,NN:apawnee,NNS:apawne
cophaal	-23.43330	VB:cophaal,VBD:cophaal,VBG:cophaal,VBN:cophaal,VBZ:cophaaled,JJ:cophaal,NN:cophaal,NNS:cophaal
goarine	-23.50522	VB:goarine,VBD:goarines,VBG:goaring,VBN:goarine,VBZ:goarine,JJ:goariny,NN:goarinee,NNS:goarine
eandly	-23.52677	VB:eandly,VBD:eandlyed,VBG:eandlying,VBN:eandlyed,VBZ:eandlys,JJ:eandly,NN:eandly,NNS:eandlys
exanised	-23.64110	VB:exanised,VBD:exanised,VBG:exanisin,VBN:exanised,VBZ:exanises,JJ:exanised,NN:exaniser,NNS:exanisers
graillogy	-23.66220	VB:graillogy,VBD:graillogied,VBG:graillogying,VBN:graillogied,VBZ:graillogies,JJ:graillogy,NN:graillogy,NNS:graillogies
ochedly	-23.67851	VB:ochedly,VBD:ochedlyed,VBG:ochedlying,VBN:ochedlyed,VBZ:ochedlys,JJ:ochedly,NN:ochedly,NNS:ochedlys
tuaent	-23.71418	VB:tuaent,VBD:tuaent,VBG:tuaent,VBN:tuaent,VBZ:tuaent,JJ:tuaenty,NN:tuaent,NNS:tuaent
omplably	-23.78668	VB:omplably,VBD:omplablyed,VBG:omplablying,VBN:omplablyed,VBZ:omplablys,JJ:omplably,NN:omplably,NNS:omplablys
herceric	-23.81967	VB:herceric,VBD:hercericked,VBG:hercericking,VBN:hercericked,VBZ:hercericks,JJ:hercericed,NN:hercericed,NNS:hercericed
praintery	-23.86696	VB:praintery,VBD:praintered,VBG:praintering,VBN:praintered,VBZ:prainters,JJ:praintery,NN:prainter,NNS:prainters
asynoth	-23.87412	VB:asynoth,VBD:asynothed,VBG:asynothing,VBN:asynothed,VBZ:asynoths,JJ:asynoth,NN:asynoth,NNS:asynoths
eramped	-23.90152	VB:eramped,VBD:eramped,VBG:erampending,VBN:erampended,VBZ:erampeds,JJ:eramped,NN:eramped,NNS:eramped
gratously	-23.93006	VB:gratously,VBD:gratouslyed,VBG:gratouslying,VBN:gratouslyed,VBZ:gratouslys,JJ:gratously,NN:gratously,NNS:gratouslys
icution	-23.94392	VB:icution,VBD:icutioned,VBG:icuting,VBN:icutioned,VBZ:icutioned,JJ:icutic,NN:icution,NNS:icutioned
sellness	-23.95791	VB:sellness,VBD:sellnessed,VBG:sellnessing,VBN:sellnessed,VBZ:sellnes,JJ:sellnessy,NN:sellness,NNS:sellnes
tcherad	-23.98238	VB:tcherad,VBD:tcherad,VBG:tcherading,VBN:tcherad,VBZ:tcherads,JJ:tcherad,NN:tcherad,NNS:tcherads
igramin	-23.99558	VB:igramin,VBD:igramined,VBG:igramining,VBN:igramined,VBZ:igramins,JJ:igraminy,NN:igramin,NNS:igramins
tanguing	-24.03038	VB:tanguing,VBD:tanguinged,VBG:tanguinging,VBN:tanguinged,VBZ:tanguings,JJ:tanguing,NN:tanguing,NNS:tanguings
uaray	-24.04591	VB:uaray,VBD:uarayed,VBG:uaraying,VBN:uarayed,VBZ:uarays,JJ:uaray,NN:uaray,NNS:uarays
urgisis	-24.05112	VB:urgisis,VBD:urgisis,VBG:urgisis,VBN:urgisis,VBZ:urgisis,JJ:urgisish,NN:urgisish,NNS:urgisish
priallord	-24.06314	VB:priallord,VBD:priallord,VBG:priallord,VBN:priallord,VBZ:priallord,JJ:priallord,NN:priallord,NNS:priallords
relcite	-24.12957	VB:relcite,VBD:relcite,VBG:relciteing,VBN:relcite,VBZ:relcite,JJ:relcited,NN:relcite,NNS:relcite
drunite	-24.18263	VB:drunite,VBD:drunite,VBG:druniteing,VBN:drunite,VBZ:drunite,JJ:drunited,NN:drunite,NNS:drunite
lattering	-24.30213	VB:lattering,VBD:latteringed,VBG:latteringing,VBN:latteringed,VBZ:latterings,JJ:lattering,NN:lattering,NNS:latterings
ratinnic	-24.30353	VB:ratinnic,VBD:ratinnicked,VBG:ratinnicking,VBN:ratinnicked,VBZ:ratinnicks,JJ:ratinniced,NN:ratinniced,NNS:ratinniced
ononsun	-24.31990	VB:ononsun,VBD:ononsuned,VBG:ononsuning,VBN:ononsuned,VBZ:ononsuns,JJ:ononsuned,NN:ononsuned,NNS:ononsuned
tcharty	-24.35128	VB:tcharty,VBD:tcharty,VBG:tcharty,VBN:tcharty,VBZ:tcharty,JJ:tcharty,NN:tcharty,NNS:tcharty
verotly	-24.35426	VB:verotly,VBD:verotlyed,VBG:verotling,VBN:verotled,VBZ:verotles,JJ:verotly,NN:verotly,NNS:verotlys
tasmous	-24.36198	VB:tasmous,VBD:tasmous,VBG:tasmous,VBN:tasmous,VBZ:tasmous,JJ:tasmoust,NN:tasmoust,NNS:tasmouses
heacchic	-24.38292	VB:heacchic,VBD:heacched,VBG:heacching,VBN:heacched,VBZ:heacches,JJ:heacchy,NN:heacch,NNS:heacches
reasynic	-24.40235	VB:reasynic,VBD:reasynicked,VBG:reasynicking,VBN:reasynicked,VBZ:reasynicks,JJ:reasyniced,NN:reasyniced,NNS:reasyniced
anessfor	-24.41939	VB:anessfor,VBD:anessfored,VBG:anessforing,VBN:anessfored,VBZ:anessfors,JJ:anessfory,NN:anessfor,NNS:anessfors
piedive	-24.44835	VB:piedive,VBD:piedive,VBG:piediving,VBN:piedive,VBZ:piedive,JJ:piedive,NN:piedive,NNS:piedive
autivable	-24.48376	VB:autivable,VBD:autivables,VBG:autivabling,VBN:autivable,VBZ:autivable,JJ:autivably,NN:autivable,NNS:autivable
icatelly	-24.49237	VB:icatelly,VBD:icatellyed,VBG:icatellying,VBN:icatellyed,VBZ:icatellys,JJ:icatelly,NN:icatelly,NNS:icatellys
nonisdon	-24.51302	VB:nonisdon,VBD:nonisdoned,VBG:nonisdoning,VBN:nonisdoned,VBZ:nonisdoned,JJ:nonisdoned,NN:nonisdon,NNS:nonisdoned
rocipal	-24.53982	VB:rocipal,VBD:rocipal,VBG:rocipal,VBN:rocipal,VBZ:rocipaled,JJ:rocipal,NN:rocipal,NNS:rocipal
bultritis	-24.54190	VB:bultritis,VBD:bultritis,VBG:bultritis,VBN:bultritis,VBZ:bultritis,JJ:bultritish,NN:bultritish,NNS:bultritish
lloit	-24.57428	VB:lloit,VBD:lloit,VBG:lloit,VBN:lloit,VBZ:lloit,JJ:lloit,NN:lloit,NNS:lloit
fectition	-24.58178	VB:fectition,VBD:fectitioned,VBG:fectiting,VBN:fectitioned,VBZ:fectitioned,JJ:fectitic,NN:fectition,NNS:fectitioned
mounhang	-24.60870	VB:mounhang,VBD:mounhanged,VBG:mounhanging,VBN:mounhanged,VBZ:mounhangs,JJ:mounhang,NN:mounhang,NNS:mounhangs
elaptic	-24.66062	VB:elaptic,VBD:elapticked,VBG:elapticking,VBN:elapticked,VBZ:elapticks,JJ:elapticed,NN:elapticed,NNS:elapticed
ablesquity	-24.66551	VB:ablesquity,VBD:ablesquity,VBG:ablesquity,VBN:ablesquity,VBZ:ablesquity,JJ:ablesquity,NN:ablesquity,NNS:ablesquity
cinguric	-24.74346	VB:cinguric,VBD:cinguricked,VBG:cinguricking,VBN:cinguricked,VBZ:cinguricks,JJ:cinguriced,NN:cinguriced,NNS:cinguriced
prolisist	-24.76940	VB:prolisist,VBD:prolisisted,VBG:prolisisting,VBN:prolisisted,VBZ:prolisist,JJ:prolisistic,NN:prolisist,NNS:prolisists
daudous	-24.78059	VB:daudous,VBD:daudous,VBG:daudous,VBN:daudous,VBZ:daudous,JJ:daudoust,NN:daudoust,NNS:daudouses
onsubow	-24.84348	VB:onsubow,VBD:onsubowed,VBG:onsubowing,VBN:onsubowd,VBZ:onsubows,JJ:onsubow,NN:onsubow,NNS:onsubows
chilicing	-24.89052	VB:chilicing,VBD:chilicinged,VBG:chilicinging,VBN:chilicinged,VBZ:chilicings,JJ:chilicing,NN:chilicing,NNS:chilicings
apunhal	-24.92921	VB:apunhal,VBD:apunhal,VBG:apunhal,VBN:apunhal,VBZ:apunhaled,JJ:apunhal,NN:apunhal,NNS:apunhal
anaticulal	-24.96343	VB:anaticulal,VBD:anaticulal,VBG:anaticulal,VBN:anaticulal,VBZ:anaticulaled,JJ:anaticulal,NN:anaticulal,NNS:anaticulal
flutsway	-24.99335	VB:flutsway,VBD:flutswayed,VBG:flutswaying,VBN:flutswayed,VBZ:flutsways,JJ:flutsway,NN:flutsway,NNS:flutsways
llation	-25.03933	VB:llation,VBD:llated,VBG:llating,VBN:llated,VBZ:llates,JJ:llatory,NN:llation,NNS:llationed
phrosping	-25.06717	VB:phrosping,VBD:phrospinged,VBG:phrospinging,VBN:phrospinged,VBZ:phrospings,JJ:phrosping,NN:phrosping,NNS:phrospings
cintiter	-25.10817	VB:cintiter,VBD:cintited,VBG:cintiting,VBN:cintited,VBZ:cintites,JJ:cintiter,NN:cintiter,NNS:cintiteres
haydria	-25.12525	VB:haydria,VBD:haydriaed,VBG:haydriaing,VBN:haydriaed,VBZ:haydriaes,JJ:haydrian,NN:haydria,NNS:haydrias
reralogy	-25.14844	VB:reralogy,VBD:reralogied,VBG:reralogying,VBN:reralogied,VBZ:reralogies,JJ:reralogy,NN:reralogy,NNS:reralogies
pilinfle	-25.15695	VB:pilinfle,VBD:pilinfles,VBG:pilinfle,VBN:pilinfle,VBZ:pilinfle,JJ:pilinfle,NN:pilinfle,NNS:pilinfle
ulaeock	-25.18880	VB:ulaeock,VBD:ulaeocked,VBG:ulaeocking,VBN:ulaeocked,VBZ:ulaeocks,JJ:ulaeocky,NN:ulaeock,NNS:ulaeocks
ubstly	-25.19103	VB:ubstly,VBD:ubstlyed,VBG:ubstling,VBN:ubstled,VBZ:ubstles,JJ:ubstly,NN:ubst,NNS:ubsts
qercus	-25.21883	VB:qercus,VBD:qercus,VBG:qercus,VBN:qercus,VBZ:qercus,JJ:qercust,NN:qercust,NNS:qercuses
thunass	-25.24799	VB:thunass,VBD:thunassed,VBG:thunassing,VBN:thunassed,VBZ:thunasses,JJ:thunassy,NN:thunass,NNS:thunasses
ingensemic	-25.24940	VB:ingensemic,VBD:ingensemicked,VBG:ingensemicking,VBN:ingensemicked,VBZ:ingensemicks,JJ:ingensemiced,NN:ingensemiced,NNS:ingensemiced
ogromal	-25.33212	VB:ogromal,VBD:ogromal,VBG:ogromal,VBN:ogromal,VBZ:ogromaled,JJ:ogromal,NN:ogromal,NNS:ogromal
dopygic	-25.33723	VB:dopygic,VBD:dopygicked,VBG:dopygicking,VBN:dopygicked,VBZ:dopygicks,JJ:dopygiced,NN:dopygiced,NNS:dopygiced
loligne	-25.43890	VB:loligne,VBD:lolignes,VBG:loligne,VBN:loligne,VBZ:loligne,JJ:loligne,NN:lolignee,NNS:loligne
erachne	-25.51754	VB:erachne,VBD:erachnes,VBG:erachne,VBN:erachne,VBZ:erachne,JJ:erachne,NN:erachnee,NNS:erachne
ethirip	-25.55691	VB:ethirip,VBD:ethiripated,VBG:ethiripating,VBN:ethiripated,VBZ:ethiripates,JJ:ethiripy,NN:ethirip,NNS:ethirips
teraskin	-25.56969	VB:teraskin,VBD:teraskined,VBG:teraskining,VBN:teraskined,VBZ:teraskins,JJ:teraskiny,NN:teraskin,NNS:teraskins
rundness	-25.57576	VB:rundness,VBD:rundnessed,VBG:rundnessing,VBN:rundnessed,VBZ:rundnes,JJ:rundnessy,NN:rundness,NNS:rundnes
infrabal	-25.57915	VB:infrabal,VBD:infrabal,VBG:infrabal,VBN:infrabal,VBZ:infrabaled,JJ:infrabal,NN:infrabal,NNS:infrabal
impignesh	-25.59982	VB:impignesh,VBD:impigneshed,VBG:impigneshing,VBN:impigneshed,VBZ:impigneshes,JJ:impignesh,NN:impignesh,NNS:impigneshes
unctimely	-25.63632	VB:unctimely,VBD:unctimelyed,VBG:unctimelying,VBN:unctimelyed,VBZ:unctimelys,JJ:unctimely,NN:unctimely,NNS:unctimelys
cousishism	-25.68181	VB:cousishism,VBD:cousishismd,VBG:cousishisming,VBN:cousishismd,VBZ:cousishisms,JJ:cousishism,NN:cousishism,NNS:cousishisms
omachory	-25.72272	VB:omachory,VBD:omachored,VBG:omachoring,VBN:omachored,VBZ:omachors,JJ:omachory,NN:omachor,NNS:omachors
orchinic	-25.78601	VB:orchinic,VBD:orchinicked,VBG:orchinicking,VBN:orchinicked,VBZ:orchinicks,JJ:orchiniced,NN:orchiniced,NNS:orchiniced
partiosism	-25.80613	VB:partiosism,VBD:partiosismd,VBG:partiosisming,VBN:partiosismd,VBZ:partiosisms,JJ:partiosism,NN:partiosism,NNS:partiosisms
ashlical	-25.81846	VB:ashlical,VBD:ashlical,VBG:ashlical,VBN:ashlical,VBZ:ashlicaled,JJ:ashlical,NN:ashlical,NNS:ashlical
aroceler	-25.82226	VB:aroceler,VBD:arocelered,VBG:aroceler,VBN:aroceler,VBZ:aroceleres,JJ:aroceler,NN:aroceler,NNS:aroceleres
underoliker	-25.82565	VB:underoliker,VBD:underoliked,VBG:underoliker,VBN:underoliked,VBZ:underolikeres,JJ:underoliker,NN:underoliker,NNS:underolikeres
etallost	-25.83733	VB:etallost,VBD:etallosted,VBG:etallosting,VBN:etallosted,VBZ:etallost,JJ:etallostic,NN:etallost,NNS:etallosts
gereiver	-25.87375	VB:gereiver,VBD:gereived,VBG:gereiving,VBN:gereived,VBZ:gereives,JJ:gereiving,NN:gereive,NNS:gereives
undoutous	-25.97715	VB:undoutous,VBD:undoutous,VBG:undoutous,VBN:undoutous,VBZ:undoutous,JJ:undoutoust,NN:undoutoust,NNS:undoutouses
ventormon	-25.97961	VB:ventormon,VBD:ventormoned,VBG:ventormoning,VBN:ventormoned,VBZ:ventormoned,JJ:ventormoned,NN:ventormon,NNS:ventormoned
lopdof	-25.99078	VB:lopdof,VBD:lopdofed,VBG:lopdofing,VBN:lopdofed,VBZ:lopdofs,JJ:lopdofy,NN:lopdof,NNS:lopdofs
apersolon	-26.01673	VB:apersolon,VBD:apersoloned,VBG:apersoloning,VBN:apersoloned,VBZ:apersoloned,JJ:apersoloned,NN:apersolon,NNS:apersoloned
ntury	-26.06305	VB:ntury,VBD:ntury,VBG:ntury,VBN:ntury,VBZ:ntury,JJ:ntury,NN:ntury,NNS:ntury
arfermid	-26.07028	VB:arfermid,VBD:arfermided,VBG:arferming,VBN:arfermided,VBZ:arfermides,JJ:arfermid,NN:arfermid,NNS:arfermides
hyropyrad	-26.10736	VB:hyropyrad,VBD:hyropyrad,VBG:hyropyrading,VBN:hyropyrad,VBZ:hyropyrads,JJ:hyropyrad,NN:hyropyrad,NNS:hyropyrads
ssisty	-26.11214	VB:ssisty,VBD:ssisted,VBG:ssisting,VBN:ssisted,VBZ:ssists,JJ:ssisty,NN:ssist,NNS:ssists
antouggy	-26.12557	VB:antouggy,VBD:antouggyed,VBG:antouggying,VBN:antouggyed,VBZ:antouggyes,JJ:antouggy,NN:antouggy,NNS:antouggys
unduodity	-26.13388	VB:unduodity,VBD:unduodity,VBG:unduodity,VBN:unduodity,VBZ:unduodity,JJ:unduodity,NN:unduodity,NNS:unduodity
dylamint	-26.14769	VB:dylamint,VBD:dylamint,VBG:dylamint,VBN:dylamint,VBZ:dylamint,JJ:dylaminty,NN:dylamint,NNS:dylamint
tifientic	-26.15480	VB:tifientic,VBD:tifienticked,VBG:tifienticking,VBN:tifienticked,VBZ:tifienticks,JJ:tifienticed,NN:tifienticed,NNS:tifienticed
dentribus	-26.19674	VB:dentribus,VBD:dentribus,VBG:dentribus,VBN:dentribus,VBZ:dentribus,JJ:dentribust,NN:dentribust,NNS:dentribuses
gampoist	-26.23717	VB:gampoist,VBD:gampoisted,VBG:gampoisting,VBN:gampoisted,VBZ:gampoist,JJ:gampoistic,NN:gampoist,NNS:gampoists
ciphomim	-26.31065	VB:ciphomim,VBD:ciphomim,VBG:ciphomiming,VBN:ciphomim,VBZ:ciphomims,JJ:ciphomim,NN:ciphomim,NNS:ciphomims
unbilitarm	-26.34159	VB:unbilitarm,VBD:unbilitarmed,VBG:unbilitarming,VBN:unbilitarmed,VBZ:unbilitarms,JJ:unbilitarm,NN:unbilitarm,NNS:unbilitarms
oreefus	-26.35755	VB:oreefus,VBD:oreefus,VBG:oreefus,VBN:oreefus,VBZ:oreefus,JJ:oreefust,NN:oreefust,NNS:oreefuses
ratisking	-26.37235	VB:ratisking,VBD:ratiskinged,VBG:ratiskinging,VBN:ratiskinged,VBZ:ratiskings,JJ:ratisking,NN:ratisking,NNS:ratiskings
chrotolus	-26.37834	VB:chrotolus,VBD:chrotolus,VBG:chrotolus,VBN:chrotolus,VBZ:chrotolus,JJ:chrotolust,NN:chrotolust,NNS:chrotoluses
dendraphor	-26.41703	VB:dendraphor,VBD:dendraphored,VBG:dendraphoring,VBN:dendraphored,VBZ:dendraphors,JJ:dendraphory,NN:dendraphor,NNS:dendraphors
ssant	-26.44433	VB:ssant,VBD:ssant,VBG:ssant,VBN:ssant,VBZ:ssant,JJ:ssanty,NN:ssant,NNS:ssant
patogiblea	-26.48033	VB:patogiblea,VBD:patogibleaed,VBG:patogibleaing,VBN:patogibleaed,VBZ:patogibleaes,JJ:patogibleaed,NN:patogiblea,NNS:patogibleaes
ntema	-26.48660	VB:ntema,VBD:ntemad,VBG:ntemating,VBN:ntemated,VBZ:ntemates,JJ:ntematic,NN:ntemat,NNS:ntemates
istrousness	-26.50217	VB:istrousness,VBD:istrousnessed,VBG:istrousnessing,VBN:istrousnessed,VBZ:istrousnes,JJ:istrousnessy,NN:istrousness,NNS:istrousnes
mundorne	-26.52598	VB:mundorne,VBD:mundornes,VBG:mundorne,VBN:mundorne,VBZ:mundorne,JJ:mundorne,NN:mundornee,NNS:mundorne
thdoper	-26.60184	VB:thdoper,VBD:thdopered,VBG:thdoper,VBN:thdoper,VBZ:thdoperes,JJ:thdoper,NN:thdoper,NNS:thdoperes
irlently	-26.60332	VB:irlently,VBD:irlentlyed,VBG:irlentling,VBN:irlentled,VBZ:irlentles,JJ:irlently,NN:irlently,NNS:irlentlys
vastger	-26.61928	VB:vastger,VBD:vastgered,VBG:vastger,VBN:vastger,VBZ:vastgeres,JJ:vastger,NN:vastger,NNS:vastgeres
lifiefia	-26.67184	VB:lifiefia,VBD:lifiefiaed,VBG:lifiefiaing,VBN:lifiefiaed,VBZ:lifiefiaes,JJ:lifiefian,NN:lifiefia,NNS:lifiefias
cautoross	-26.69982	VB:cautoross,VBD:cautorossed,VBG:cautorossing,VBN:cautorossed,VBZ:cautorosses,JJ:cautorossy,NN:cautoross,NNS:cautorosses
aculatard	-26.70573	VB:aculatard,VBD:aculatard,VBG:aculatard,VBN:aculatard,VBZ:aculatard,JJ:aculatard,NN:aculatard,NNS:aculatards
umskyl	-26.71378	VB:umskyl,VBD:umskyled,VBG:umskyling,VBN:umskyled,VBZ:umskyles,JJ:umskylic,NN:umskyl,NNS:umskyls
llorty	-26.71758	VB:llorty,VBD:llorty,VBG:llorty,VBN:llorty,VBZ:llorty,JJ:llorty,NN:llorty,NNS:llorty
comaticarot	-26.75908	VB:comaticarot,VBD:comaticarot,VBG:comaticaroting,VBN:comaticaroted,VBZ:comaticarots,JJ:comaticarotic,NN:comaticarot,NNS:comaticarots
vinchness	-26.80544	VB:vinchness,VBD:vinchnessed,VBG:vinchnessing,VBN:vinchnessed,VBZ:vinchnes,JJ:vinchnessy,NN:vinchness,NNS:vinchnes
adismidic	-26.81365	VB:adismidic,VBD:adismidicked,VBG:adismidicking,VBN:adismidicked,VBZ:adismidicks,JJ:adismidiced,NN:adismidiced,NNS:adismidiced
tatembile	-26.84118	VB:tatembile,VBD:tatembiles,VBG:tatembile,VBN:tatembile,VBZ:tatembile,JJ:tatembile,NN:tatembile,NNS:tatembile
throchoric	-26.84582	VB:throchoric,VBD:throchoricked,VBG:throchoricking,VBN:throchoricked,VBZ:throchoricks,JJ:throchoriced,NN:throchoriced,NNS:throchoriced
hiouder	-26.91215	VB:hiouder,VBD:hioudered,VBG:hiouder,VBN:hiouder,VBZ:hiouderes,JJ:hiouder,NN:hiouder,NNS:hiouderes
tridogism	-26.95883	VB:tridogism,VBD:tridogismd,VBG:tridogisming,VBN:tridogismd,VBZ:tridogisms,JJ:tridogism,NN:tridogism,NNS:tridogisms
naluvist	-26.98642	VB:naluvist,VBD:naluvisted,VBG:naluvisting,VBN:naluvisted,VBZ:naluvist,JJ:naluvistic,NN:naluvist,NNS:naluvists
brahylic	-26.99205	VB:brahylic,VBD:brahylicked,VBG:brahylicking,VBN:brahylicked,VBZ:brahylicks,JJ:brahyliced,NN:brahyliced,NNS:brahyliced
obrantary	-27.04928	VB:obrantary,VBD:obrantary,VBG:obrantary,VBN:obrantary,VBZ:obrantary,JJ:obrantary,NN:obrantary,NNS:obrantary
ridacter	-27.08708	VB:ridacter,VBD:ridacted,VBG:ridacter,VBN:ridacted,VBZ:ridactes,JJ:ridacter,NN:ridacter,NNS:ridacteres
epholicate	-27.12203	VB:epholicate,VBD:epholicat,VBG:epholicat,VBN:epholicat,VBZ:epholicat,JJ:epholicat,NN:epholicat,NNS:epholicat
onlosid	-27.15134	VB:onlosid,VBD:onlosided,VBG:onlosid,VBN:onlosided,VBZ:onlosides,JJ:onlosid,NN:onlosid,NNS:onlosides
pandoutic	-27.15478	VB:pandoutic,VBD:pandouticked,VBG:pandouticking,VBN:pandouticked,VBZ:pandouticks,JJ:pandouticed,NN:pandouticed,NNS:pandouticed
celenchor	-27.17222	VB:celenchor,VBD:celenchored,VBG:celenchoring,VBN:celenchored,VBZ:celenchors,JJ:celenchory,NN:celenchor,NNS:celenchors
ommetess	-27.23425	VB:ommetess,VBD:ommetessed,VBG:ommetessing,VBN:ommetessed,VBZ:ommetes,JJ:ommetessy,NN:ommetess,NNS:ommetes
bravennic	-27.26013	VB:bravennic,VBD:bravennicked,VBG:bravennicking,VBN:bravennicked,VBZ:bravennicks,JJ:bravenniced,NN:bravenniced,NNS:bravenniced
cabirify	-27.31975	VB:cabirify,VBD:cabirified,VBG:cabirifying,VBN:cabirified,VBZ:cabirifies,JJ:cabirified,NN:cabirif,NNS:cabirifies
enesiventic	-27.46360	VB:enesiventic,VBD:enesiventicked,VBG:enesiventicking,VBN:enesiventicked,VBZ:enesiventicks,JJ:enesiventiced,NN:enesiventiced,NNS:enesiventiced
flaetrut	-27.48305	VB:flaetrut,VBD:flaetrutted,VBG:flaetrutting,VBN:flaetrutted,VBZ:flaetrutts,JJ:flaetrutty,NN:flaetrutt,NNS:flaetrutts
ptiffect	-27.52122	VB:ptiffect,VBD:ptiffected,VBG:ptiffecting,VBN:ptiffected,VBZ:ptiffects,JJ:ptiffect,NN:ptiffect,NNS:ptiffects
zingletal	-27.52345	VB:zingletal,VBD:zingletal,VBG:zingletal,VBN:zingletal,VBZ:zingletaled,JJ:zingletal,NN:zingletal,NNS:zingletal
inationcing	-27.55598	VB:inationcing,VBD:inationcinged,VBG:inationcinging,VBN:inationcinged,VBZ:inationcings,JJ:inationcing,NN:inationcing,NNS:inationcings
ishalsia	-27.60049	VB:ishalsia,VBD:ishalsiaed,VBG:ishalsiaing,VBN:ishalsiaed,VBZ:ishalsiaes,JJ:ishalsian,NN:ishalsia,NNS:ishalsias
leatoing	-27.64481	VB:leatoing,VBD:leatoinged,VBG:leatoinging,VBN:leatoinged,VBZ:leatoings,JJ:leatoing,NN:leatoing,NNS:leatoings
efargent	-27.64955	VB:efargent,VBD:efargent,VBG:efargent,VBN:efargent,VBZ:efargent,JJ:efargenty,NN:efargent,NNS:efargent
tatheatism	-27.65236	VB:tatheatism,VBD:tatheatismd,VBG:tatheatisming,VBN:tatheatismd,VBZ:tatheatisms,JJ:tatheatism,NN:tatheatism,NNS:tatheatisms
thesslyte	-27.69021	VB:thesslyte,VBD:thesslyte,VBG:thesslyteing,VBN:thesslyte,VBZ:thesslyte,JJ:thesslyted,NN:thesslyte,NNS:thesslyte
achizence	-27.72636	VB:achizence,VBD:achizence,VBG:achizencing,VBN:achizence,VBZ:achizence,JJ:achizency,NN:achizenced,NNS:achizence
mentarment	-27.73136	VB:mentarment,VBD:mentarment,VBG:mentarment,VBN:mentarment,VBZ:mentarment,JJ:mentarmenty,NN:mentarment,NNS:mentarment
ytivass	-27.74467	VB:ytivass,VBD:ytivassed,VBG:ytivassing,VBN:ytivassed,VBZ:ytivasses,JJ:ytivassy,NN:ytivass,NNS:ytivasses
erjusic	-27.74947	VB:erjusic,VBD:erjusicked,VBG:erjusicking,VBN:erjusicked,VBZ:erjusicks,JJ:erjusiced,NN:erjusiced,NNS:erjusiced
andispatic	-27.75308	VB:andispatic,VBD:andispaticked,VBG:andispaticking,VBN:andispaticked,VBZ:andispaticks,JJ:andispaticed,NN:andispaticed,NNS:andispaticed
osturaft	-27.79173	VB:osturaft,VBD:osturafted,VBG:osturafting,VBN:osturafted,VBZ:osturafts,JJ:osturaft,NN:osturaft,NNS:osturafts
hydrubous	-27.79823	VB:hydrubous,VBD:hydrubous,VBG:hydrubous,VBN:hydrubous,VBZ:hydrubous,JJ:hydruboust,NN:hydruboust,NNS:hydrubouses
gliveress	-27.80651	VB:gliveress,VBD:gliveressed,VBG:gliveressing,VBN:gliveressed,VBZ:gliveres,JJ:gliveressy,NN:gliveress,NNS:gliveres
ionelte	-27.82086	VB:ionelte,VBD:ionelte,VBG:ionelteing,VBN:ionelte,VBZ:ionelte,JJ:ionelted,NN:ionelte,NNS:ionelte
overmakial	-27.83251	VB:overmakial,VBD:overmakiated,VBG:overmakial,VBN:overmakiated,VBZ:overmakiated,JJ:overmakiated,NN:overmakiated,NNS:overmakiated
lamatimid	-27.83839	VB:lamatimid,VBD:lamatimided,VBG:lamatiming,VBN:lamatimided,VBZ:lamatimides,JJ:lamatimid,NN:lamatimid,NNS:lamatimides
selasterog	-27.94112	VB:selasterog,VBD:selasterogged,VBG:selasterogging,VBN:selasterogged,VBZ:selasterogs,JJ:selasterog,NN:selasterog,NNS:selasterogs
proononiat	-27.94443	VB:proononiat,VBD:proononiat,VBG:proononiating,VBN:proononiated,VBZ:proononiats,JJ:proononiaty,NN:proononiat,NNS:proononiats
olenelle	-27.99045	VB:olenelle,VBD:olenelles,VBG:olenelling,VBN:olenelle,VBZ:olenelle,JJ:olenelly,NN:olenelle,NNS:olenelle
iounsly	-28.03280	VB:iounsly,VBD:iounslyed,VBG:iounslying,VBN:iounslyed,VBZ:iounslys,JJ:iounsly,NN:iounsly,NNS:iounslys
satiounity	-28.03321	VB:satiounity,VBD:satiounity,VBG:satiounity,VBN:satiounity,VBZ:satiounity,JJ:satiounity,NN:satiounity,NNS:satiounity
orialister	-28.04796	VB:orialister,VBD:orialisted,VBG:orialister,VBN:orialisted,VBZ:orialistes,JJ:orialister,NN:orialister,NNS:orialisteres
enothace	-28.08542	VB:enothace,VBD:enothace,VBG:enothacing,VBN:enothace,VBZ:enothace,JJ:enothace,NN:enothaced,NNS:enothace
ikaill	-28.08790	VB:ikaill,VBD:ikailld,VBG:ikailling,VBN:ikailld,VBZ:ikaills,JJ:ikailly,NN:ikailly,NNS:ikaillys
gonowder	-28.09464	VB:gonowder,VBD:gonowdered,VBG:gonowder,VBN:gonowder,VBZ:gonowderes,JJ:gonowder,NN:gonowder,NNS:gonowderes
biforcoma	-28.11018	VB:biforcoma,VBD:biforcomad,VBG:biforcomating,VBN:biforcomated,VBZ:biforcomates,JJ:biforcomatic,NN:biforcomat,NNS:biforcomates
tlight	-28.18332	VB:tlight,VBD:tlighted,VBG:tlighing,VBN:tlighted,VBZ:tlights,JJ:tlighty,NN:tlight,NNS:tlights
adrantess	-28.20891	VB:adrantess,VBD:adrantessed,VBG:adrantessing,VBN:adrantessed,VBZ:adrantes,JJ:adrantessy,NN:adrantess,NNS:adrantes
logworess	-28.20987	VB:logworess,VBD:logworessed,VBG:logworessing,VBN:logworessed,VBZ:logwores,JJ:logworessy,NN:logworess,NNS:logwores
amenopsel	-28.22428	VB:amenopsel,VBD:amenopsel,VBG:amenopseling,VBN:amenopseled,VBZ:amenopseles,JJ:amenopsely,NN:amenopseler,NNS:amenopselers
mornatedis	-28.23937	VB:mornatedis,VBD:mornatedis,VBG:mornatedis,VBN:mornatedis,VBZ:mornatedis,JJ:mornatedish,NN:mornatedish,NNS:mornatedish
watinvoly	-28.26220	VB:watinvoly,VBD:watinvolyed,VBG:watinvolying,VBN:watinvolyed,VBZ:watinvolys,JJ:watinvoly,NN:watinvoly,NNS:watinvolys
otyphost	-28.26884	VB:otyphost,VBD:otyphosted,VBG:otyphosting,VBN:otyphosted,VBZ:otyphost,JJ:otyphostic,NN:otyphost,NNS:otyphosts
ochacora	-28.31321	VB:ochacora,VBD:ochacored,VBG:ochacoring,VBN:ochacored,VBZ:ochacors,JJ:ochacor,NN:ochacor,NNS:ochacors
etnepip	-28.31672	VB:etnepip,VBD:etnepipated,VBG:etnepipating,VBN:etnepipated,VBZ:etnepipates,JJ:etnepipy,NN:etnepip,NNS:etnepips
hepunhac	-28.32460	VB:hepunhac,VBD:hepunhaced,VBG:hepunhacing,VBN:hepunhaced,VBZ:hepunhaces,JJ:hepunhacy,NN:hepunhacy,NNS:hepunhacies
prodittion	-28.33245	VB:prodittion,VBD:prodittioned,VBG:proditting,VBN:prodittioned,VBZ:prodittioned,JJ:prodittic,NN:prodittion,NNS:prodittioned
uriuminess	-28.33906	VB:uriuminess,VBD:uriuminessed,VBG:uriuminessing,VBN:uriuminessed,VBZ:uriumines,JJ:uriuminessy,NN:uriuminess,NNS:uriumines
broinking	-28.34526	VB:broinking,VBD:broinkinged,VBG:broinkinging,VBN:broinkinged,VBZ:broinkings,JJ:broinking,NN:broinking,NNS:broinkings
rangper	-28.53614	VB:rangper,VBD:rangpered,VBG:rangper,VBN:rangper,VBZ:rangperes,JJ:rangper,NN:rangper,NNS:rangperes
deriatitero	-28.54737	VB:deriatitero,VBD:deriatiterod,VBG:deriatiterong,VBN:deriatiterong,VBZ:deriatiterong,JJ:deriatiterong,NN:deriatiterong,NNS:deriatiterong
erwoble	-28.56760	VB:erwoble,VBD:erwobles,VBG:erwobling,VBN:erwoble,VBZ:erwoble,JJ:erwobly,NN:erwoble,NNS:erwoble
ripinsip	-28.60623	VB:ripinsip,VBD:ripinsipated,VBG:ripinsipating,VBN:ripinsipated,VBZ:ripinsipates,JJ:ripinsipy,NN:ripinsip,NNS:ripinsips
ntioness	-28.71812	VB:ntioness,VBD:ntionessed,VBG:ntionessing,VBN:ntionessed,VBZ:ntiones,JJ:ntionessy,NN:ntioness,NNS:ntiones
ticerbus	-28.75634	VB:ticerbus,VBD:ticerbus,VBG:ticerbus,VBN:ticerbus,VBZ:ticerbus,JJ:ticerbust,NN:ticerbust,NNS:ticerbuses
egatomism	-28.80910	VB:egatomism,VBD:egatomismd,VBG:egatomisming,VBN:egatomismd,VBZ:egatomisms,JJ:egatomism,NN:egatomism,NNS:egatomisms
prouslarchow	-28.82367	VB:prouslarchow,VBD:prouslarchowed,VBG:prouslarchowing,VBN:prouslarchowd,VBZ:prouslarchows,JJ:prouslarchow,NN:prouslarchow,NNS:prouslarchows
quistrachro	-28.83932	VB:quistrachro,VBD:quistrachrod,VBG:quistrachrong,VBN:quistrachrong,VBZ:quistrachrong,JJ:quistrachrong,NN:quistrachrong,NNS:quistrachrong
mocivelly	-28.84123	VB:mocivelly,VBD:mocivellyed,VBG:mocivellying,VBN:mocivellyed,VBZ:mocivellys,JJ:mocivelly,NN:mocivelly,NNS:mocivellys
iphipped	-28.90401	VB:iphipped,VBD:iphipped,VBG:iphippending,VBN:iphippended,VBZ:iphippeds,JJ:iphipped,NN:iphipped,NNS:iphipped
moridoser	-28.92181	VB:moridoser,VBD:moridosed,VBG:moridoseing,VBN:moridosed,VBZ:moridoses,JJ:moridoser,NN:moridoser,NNS:moridoseres
warditedia	-28.92322	VB:warditedia,VBD:warditediaed,VBG:warditediaing,VBN:warditediaed,VBZ:warditediaes,JJ:warditedian,NN:warditedia,NNS:warditedias
cublitus	-28.95051	VB:cublitus,VBD:cublitus,VBG:cublitus,VBN:cublitus,VBZ:cublitus,JJ:cublitust,NN:cublitust,NNS:cublituses
prehyrass	-29.00249	VB:prehyrass,VBD:prehyrassed,VBG:prehyrassing,VBN:prehyrassed,VBZ:prehyrasses,JJ:prehyrassy,NN:prehyrass,NNS:prehyrasses
shnonomate	-29.06405	VB:shnonomate,VBD:shnonomat,VBG:shnonomat,VBN:shnonomat,VBZ:shnonomat,JJ:shnonomat,NN:shnonomat,NNS:shnonomat
unsfistrica	-29.12437	VB:unsfistrica,VBD:unsfistriced,VBG:unsfistricing,VBN:unsfistriced,VBZ:unsfistriced,JJ:unsfistriced,NN:unsfistriced,NNS:unsfistriced
nastilate	-29.12517	VB:nastilate,VBD:nastilat,VBG:nastilat,VBN:nastilat,VBZ:nastilat,JJ:nastilat,NN:nastilat,NNS:nastilat
riverdent	-29.18791	VB:riverdent,VBD:riverdent,VBG:riverdent,VBN:riverdent,VBZ:riverdent,JJ:riverdenty,NN:riverdent,NNS:riverdent
eliscrass	-29.21188	VB:eliscrass,VBD:eliscrassed,VBG:eliscrassing,VBN:eliscrassed,VBZ:eliscrasses,JJ:eliscrassy,NN:eliscrass,NNS:eliscrasses
ablesmady	-29.22197	VB:ablesmady,VBD:ablesmadyed,VBG:ablesmadying,VBN:ablesmadyed,VBZ:ablesmadys,JJ:ablesmady,NN:ablesmady,NNS:ablesmadys
hemitucty	-29.31085	VB:hemitucty,VBD:hemitucty,VBG:hemitucty,VBN:hemitucty,VBZ:hemitucty,JJ:hemitucty,NN:hemitucty,NNS:hemitucty
istraggism	-29.32078	VB:istraggism,VBD:istraggismd,VBG:istraggisming,VBN:istraggismd,VBZ:istraggisms,JJ:istraggism,NN:istraggism,NNS:istraggisms
habayang	-29.32943	VB:habayang,VBD:habayanged,VBG:habayanging,VBN:habayanged,VBZ:habayangs,JJ:habayang,NN:habayang,NNS:habayangs
gicallograpa	-29.34970	VB:gicallograpa,VBD:gicallograpa,VBG:gicallograpa,VBN:gicallograpa,VBZ:gicallograpa,JJ:gicallograpa,NN:gicallograpa,NNS:gicallograpa
muriabilim	-29.35504	VB:muriabilim,VBD:muriabilim,VBG:muriabiliming,VBN:muriabilim,VBZ:muriabilims,JJ:muriabilim,NN:muriabilim,NNS:muriabilims
pronplograc	-29.35764	VB:pronplograc,VBD:pronplograced,VBG:pronplogracing,VBN:pronplograced,VBZ:pronplograces,JJ:pronplogracy,NN:pronplogracy,NNS:pronplogracies
feloother	-29.36598	VB:feloother,VBD:feloothered,VBG:feloother,VBN:feloother,VBZ:felootheres,JJ:feloother,NN:feloother,NNS:felootheres
alogisther	-29.41954	VB:alogisther,VBD:alogisthered,VBG:alogisther,VBN:alogisther,VBZ:alogistheres,JJ:alogisther,NN:alogisther,NNS:alogistheres
tringiciant	-29.43761	VB:tringiciant,VBD:tringiciant,VBG:tringiciant,VBN:tringiciant,VBZ:tringiciant,JJ:tringicianty,NN:tringiciant,NNS:tringiciant
bifibleness	-29.44174	VB:bifibleness,VBD:bifiblenessed,VBG:bifiblenessing,VBN:bifiblenessed,VBZ:bifiblenes,JJ:bifiblenessy,NN:bifibleness,NNS:bifiblenes
rintrathel	-29.46660	VB:rintrathel,VBD:rintrathel,VBG:rintratheling,VBN:rintratheled,VBZ:rintratheles,JJ:rintrathely,NN:rintratheler,NNS:rintrathelers
acockcam	-29.50117	VB:acockcam,VBD:acockcamed,VBG:acockcaming,VBN:acockcamed,VBZ:acockcams,JJ:acockcam,NN:acockcam,NNS:acockcams
emposcion	-29.51932	VB:emposcion,VBD:emposcioned,VBG:emposcioning,VBN:emposcioned,VBZ:emposcioned,JJ:emposcioned,NN:emposcion,NNS:emposcioned
bessnerver	-29.57162	VB:bessnerver,VBD:bessnerved,VBG:bessnerveing,VBN:bessnerved,VBZ:bessnerves,JJ:bessnerver,NN:bessnerve,NNS:bessnerves
rebrountri	-29.58174	VB:rebrountri,VBD:rebrountri,VBG:rebrountri,VBN:rebrountri,VBZ:rebrountris,JJ:rebrountri,NN:rebrountri,NNS:rebrountris
epoerist	-29.59994	VB:epoerist,VBD:epoeristed,VBG:epoeristing,VBN:epoeristed,VBZ:epoerist,JJ:epoeristic,NN:epoerist,NNS:epoerists
urallaxic	-29.64604	VB:urallaxic,VBD:urallaxicked,VBG:urallaxicking,VBN:urallaxicked,VBZ:urallaxicks,JJ:urallaxiced,NN:urallaxiced,NNS:urallaxiced
zibritic	-29.67774	VB:zibritic,VBD:zibriticked,VBG:zibriticking,VBN:zibriticked,VBZ:zibriticks,JJ:zibriticed,NN:zibriticed,NNS:zibriticed
splectiveres	-29.69398	VB:splectiveres,VBD:splectiveresed,VBG:splectiveresing,VBN:splectiveresed,VBZ:splectivereses,JJ:splectiveresy,NN:splectiveres,NNS:splectiveres
briumliker	-29.69799	VB:briumliker,VBD:briumliked,VBG:briumliker,VBN:briumliked,VBZ:briumlikeres,JJ:briumliker,NN:briumliker,NNS:briumlikeres
nerotung	-29.75950	VB:nerotung,VBD:nerotunged,VBG:nerotunging,VBN:nerotunged,VBZ:nerotungs,JJ:nerotung,NN:nerotung,NNS:nerotungs
enzymmous	-29.76833	VB:enzymmous,VBD:enzymmous,VBG:enzymmous,VBN:enzymmous,VBZ:enzymmous,JJ:enzymmoust,NN:enzymmoust,NNS:enzymmouses
elingmace	-29.77271	VB:elingmace,VBD:elingmace,VBG:elingmacing,VBN:elingmace,VBZ:elingmace,JJ:elingmace,NN:elingmaced,NNS:elingmace
gomytomon	-29.79205	VB:gomytomon,VBD:gomytomoned,VBG:gomytomoning,VBN:gomytomoned,VBZ:gomytomoned,JJ:gomytomoned,NN:gomytomon,NNS:gomytomoned
wigentilia	-29.84136	VB:wigentilia,VBD:wigentiliaed,VBG:wigentiliaing,VBN:wigentiliaed,VBZ:wigentiliaes,JJ:wigentilian,NN:wigentilia,NNS:wigentilias
mototablat	-29.93475	VB:mototablat,VBD:mototablat,VBG:mototablating,VBN:mototablated,VBZ:mototablats,JJ:mototablaty,NN:mototablat,NNS:mototablats
chempaway	-29.95438	VB:chempaway,VBD:chempawayed,VBG:chempawaying,VBN:chempawayed,VBZ:chempaways,JJ:chempaway,NN:chempaway,NNS:chempaways
worucass	-29.99758	VB:worucass,VBD:worucassed,VBG:worucassing,VBN:worucassed,VBZ:worucasses,JJ:worucassy,NN:worucass,NNS:worucasses
